x,y
0,-1
0.0008,-1.0008
0.0016,-1.0016
0.0024,-1.0024
0.0032,-1.00321
0.004,-1.00401
0.0048,-1.00481
0.0056,-1.00562
0.0064,-1.00642
0.0072,-1.00723
0.008,-1.00803
0.0088,-1.00884
0.0096,-1.00965
0.0104,-1.01045
0.0112,-1.01126
0.012,-1.01207
0.0128,-1.01288
0.0136,-1.01369
0.0144,-1.0145
0.0152,-1.01532
0.016,-1.01613
0.0168,-1.01694
0.0176,-1.01776
0.0184,-1.01857
0.0192,-1.01939
0.02,-1.0202
0.0208,-1.02102
0.0216,-1.02183
0.0224,-1.02265
0.0232,-1.02347
0.024,-1.02429
0.0248,-1.02511
0.0256,-1.02593
0.0264,-1.02675
0.0272,-1.02757
0.028,-1.0284
0.0288,-1.02922
0.0296,-1.03004
0.0304,-1.03087
0.0312,-1.03169
0.032,-1.03252
0.0328,-1.03334
0.0336,-1.03417
0.0344,-1.035
0.0352,-1.03583
0.036,-1.03666
0.0368,-1.03749
0.0376,-1.03832
0.0384,-1.03915
0.0392,-1.03998
0.04,-1.04081
0.0408,-1.04164
0.0416,-1.04248
0.0424,-1.04331
0.0432,-1.04415
0.044,-1.04498
0.0448,-1.04582
0.0456,-1.04666
0.0464,-1.04749
0.0472,-1.04833
0.048,-1.04917
0.0488,-1.05001
0.0496,-1.05085
0.0504,-1.05169
0.0512,-1.05253
0.052,-1.05338
0.0528,-1.05422
0.0536,-1.05506
0.0544,-1.05591
0.0552,-1.05675
0.056,-1.0576
0.0568,-1.05844
0.0576,-1.05929
0.0584,-1.06014
0.0592,-1.06099
0.06,-1.06184
0.0608,-1.06269
0.0616,-1.06354
0.0624,-1.06439
0.0632,-1.06524
0.064,-1.06609
0.0648,-1.06695
0.0656,-1.0678
0.0664,-1.06865
0.0672,-1.06951
0.068,-1.07037
0.0688,-1.07122
0.0696,-1.07208
0.0704,-1.07294
0.0712,-1.0738
0.072,-1.07466
0.0728,-1.07552
0.0736,-1.07638
0.0744,-1.07724
0.0752,-1.0781
0.076,-1.07896
0.0768,-1.07983
0.0776,-1.08069
0.0784,-1.08156
0.0792,-1.08242
0.08,-1.08329
0.0808,-1.08415
0.0816,-1.08502
0.0824,-1.08589
0.0832,-1.08676
0.084,-1.08763
0.0848,-1.0885
0.0856,-1.08937
0.0864,-1.09024
0.0872,-1.09111
0.088,-1.09199
0.0888,-1.09286
0.0896,-1.09374
0.0904,-1.09461
0.0912,-1.09549
0.092,-1.09636
0.0928,-1.09724
0.0936,-1.09812
0.0944,-1.099
0.0952,-1.09988
0.096,-1.10076
0.0968,-1.10164
0.0976,-1.10252
0.0984,-1.1034
0.0992,-1.10429
0.1,-1.10517
0.1008,-1.10606
0.1016,-1.10694
0.1024,-1.10783
0.1032,-1.10871
0.104,-1.1096
0.1048,-1.11049
0.1056,-1.11138
0.1064,-1.11227
0.1072,-1.11316
0.108,-1.11405
0.1088,-1.11494
0.1096,-1.11583
0.1104,-1.11672
0.1112,-1.11762
0.112,-1.11851
0.1128,-1.11941
0.1136,-1.1203
0.1144,-1.1212
0.1152,-1.1221
0.116,-1.123
0.1168,-1.12389
0.1176,-1.12479
0.1184,-1.12569
0.1192,-1.1266
0.12,-1.1275
0.1208,-1.1284
0.1216,-1.1293
0.1224,-1.13021
0.1232,-1.13111
0.124,-1.13202
0.1248,-1.13292
0.1256,-1.13383
0.1264,-1.13474
0.1272,-1.13564
0.128,-1.13655
0.1288,-1.13746
0.1296,-1.13837
0.1304,-1.13928
0.1312,-1.1402
0.132,-1.14111
0.1328,-1.14202
0.1336,-1.14294
0.1344,-1.14385
0.1352,-1.14477
0.136,-1.14568
0.1368,-1.1466
0.1376,-1.14752
0.1384,-1.14843
0.1392,-1.14935
0.14,-1.15027
0.1408,-1.15119
0.1416,-1.15212
0.1424,-1.15304
0.1432,-1.15396
0.144,-1.15488
0.1448,-1.15581
0.1456,-1.15673
0.1464,-1.15766
0.1472,-1.15859
0.148,-1.15951
0.1488,-1.16044
0.1496,-1.16137
0.1504,-1.1623
0.1512,-1.16323
0.152,-1.16416
0.1528,-1.16509
0.1536,-1.16602
0.1544,-1.16696
0.1552,-1.16789
0.156,-1.16883
0.1568,-1.16976
0.1576,-1.1707
0.1584,-1.17163
0.1592,-1.17257
0.16,-1.17351
0.1608,-1.17445
0.1616,-1.17539
0.1624,-1.17633
0.1632,-1.17727
0.164,-1.17821
0.1648,-1.17916
0.1656,-1.1801
0.1664,-1.18105
0.1672,-1.18199
0.168,-1.18294
0.1688,-1.18388
0.1696,-1.18483
0.1704,-1.18578
0.1712,-1.18673
0.172,-1.18768
0.1728,-1.18863
0.1736,-1.18958
0.1744,-1.19053
0.1752,-1.19148
0.176,-1.19244
0.1768,-1.19339
0.1776,-1.19435
0.1784,-1.1953
0.1792,-1.19626
0.18,-1.19722
0.1808,-1.19818
0.1816,-1.19913
0.1824,-1.20009
0.1832,-1.20105
0.184,-1.20202
0.1848,-1.20298
0.1856,-1.20394
0.1864,-1.2049
0.1872,-1.20587
0.188,-1.20683
0.1888,-1.2078
0.1896,-1.20877
0.1904,-1.20973
0.1912,-1.2107
0.192,-1.21167
0.1928,-1.21264
0.1936,-1.21361
0.1944,-1.21458
0.1952,-1.21555
0.196,-1.21653
0.1968,-1.2175
0.1976,-1.21847
0.1984,-1.21945
0.1992,-1.22043
0.2,-1.2214
0.2008,-1.22238
0.2016,-1.22336
0.2024,-1.22434
0.2032,-1.22532
0.204,-1.2263
0.2048,-1.22728
0.2056,-1.22826
0.2064,-1.22924
0.2072,-1.23023
0.208,-1.23121
0.2088,-1.2322
0.2096,-1.23318
0.2104,-1.23417
0.2112,-1.23516
0.212,-1.23615
0.2128,-1.23714
0.2136,-1.23813
0.2144,-1.23912
0.2152,-1.24011
0.216,-1.2411
0.2168,-1.2421
0.2176,-1.24309
0.2184,-1.24408
0.2192,-1.24508
0.22,-1.24608
0.2208,-1.24707
0.2216,-1.24807
0.2224,-1.24907
0.2232,-1.25007
0.224,-1.25107
0.2248,-1.25207
0.2256,-1.25307
0.2264,-1.25408
0.2272,-1.25508
0.228,-1.25609
0.2288,-1.25709
0.2296,-1.2581
0.2304,-1.2591
0.2312,-1.26011
0.232,-1.26112
0.2328,-1.26213
0.2336,-1.26314
0.2344,-1.26415
0.2352,-1.26516
0.236,-1.26617
0.2368,-1.26719
0.2376,-1.2682
0.2384,-1.26922
0.2392,-1.27023
0.24,-1.27125
0.2408,-1.27227
0.2416,-1.27328
0.2424,-1.2743
0.2432,-1.27532
0.244,-1.27634
0.2448,-1.27737
0.2456,-1.27839
0.2464,-1.27941
0.2472,-1.28044
0.248,-1.28146
0.2488,-1.28249
0.2496,-1.28351
0.2504,-1.28454
0.2512,-1.28557
0.252,-1.2866
0.2528,-1.28763
0.2536,-1.28866
0.2544,-1.28969
0.2552,-1.29072
0.256,-1.29175
0.2568,-1.29279
0.2576,-1.29382
0.2584,-1.29486
0.2592,-1.29589
0.26,-1.29693
0.2608,-1.29797
0.2616,-1.29901
0.2624,-1.30005
0.2632,-1.30109
0.264,-1.30213
0.2648,-1.30317
0.2656,-1.30421
0.2664,-1.30526
0.2672,-1.3063
0.268,-1.30735
0.2688,-1.30839
0.2696,-1.30944
0.2704,-1.31049
0.2712,-1.31154
0.272,-1.31259
0.2728,-1.31364
0.2736,-1.31469
0.2744,-1.31574
0.2752,-1.31679
0.276,-1.31785
0.2768,-1.3189
0.2776,-1.31996
0.2784,-1.32101
0.2792,-1.32207
0.28,-1.32313
0.2808,-1.32419
0.2816,-1.32525
0.2824,-1.32631
0.2832,-1.32737
0.284,-1.32843
0.2848,-1.3295
0.2856,-1.33056
0.2864,-1.33162
0.2872,-1.33269
0.288,-1.33376
0.2888,-1.33482
0.2896,-1.33589
0.2904,-1.33696
0.2912,-1.33803
0.292,-1.3391
0.2928,-1.34017
0.2936,-1.34125
0.2944,-1.34232
0.2952,-1.3434
0.296,-1.34447
0.2968,-1.34555
0.2976,-1.34662
0.2984,-1.3477
0.2992,-1.34878
0.3,-1.34986
0.3008,-1.35094
0.3016,-1.35202
0.3024,-1.3531
0.3032,-1.35419
0.304,-1.35527
0.3048,-1.35635
0.3056,-1.35744
0.3064,-1.35853
0.3072,-1.35961
0.308,-1.3607
0.3088,-1.36179
0.3096,-1.36288
0.3104,-1.36397
0.3112,-1.36506
0.312,-1.36615
0.3128,-1.36725
0.3136,-1.36834
0.3144,-1.36944
0.3152,-1.37053
0.316,-1.37163
0.3168,-1.37273
0.3176,-1.37383
0.3184,-1.37493
0.3192,-1.37603
0.32,-1.37713
0.3208,-1.37823
0.3216,-1.37933
0.3224,-1.38044
0.3232,-1.38154
0.324,-1.38265
0.3248,-1.38375
0.3256,-1.38486
0.3264,-1.38597
0.3272,-1.38708
0.328,-1.38819
0.3288,-1.3893
0.3296,-1.39041
0.3304,-1.39152
0.3312,-1.39264
0.332,-1.39375
0.3328,-1.39487
0.3336,-1.39598
0.3344,-1.3971
0.3352,-1.39822
0.336,-1.39934
0.3368,-1.40046
0.3376,-1.40158
0.3384,-1.4027
0.3392,-1.40382
0.34,-1.40495
0.3408,-1.40607
0.3416,-1.4072
0.3424,-1.40832
0.3432,-1.40945
0.344,-1.41058
0.3448,-1.41171
0.3456,-1.41284
0.3464,-1.41397
0.3472,-1.4151
0.348,-1.41623
0.3488,-1.41737
0.3496,-1.4185
0.3504,-1.41964
0.3512,-1.42077
0.352,-1.42191
0.3528,-1.42305
0.3536,-1.42419
0.3544,-1.42533
0.3552,-1.42647
0.356,-1.42761
0.3568,-1.42875
0.3576,-1.42989
0.3584,-1.43104
0.3592,-1.43218
0.36,-1.43333
0.3608,-1.43448
0.3616,-1.43562
0.3624,-1.43677
0.3632,-1.43792
0.364,-1.43907
0.3648,-1.44023
0.3656,-1.44138
0.3664,-1.44253
0.3672,-1.44369
0.368,-1.44484
0.3688,-1.446
0.3696,-1.44716
0.3704,-1.44831
0.3712,-1.44947
0.372,-1.45063
0.3728,-1.45179
0.3736,-1.45296
0.3744,-1.45412
0.3752,-1.45528
0.376,-1.45645
0.3768,-1.45761
0.3776,-1.45878
0.3784,-1.45995
0.3792,-1.46112
0.38,-1.46228
0.3808,-1.46345
0.3816,-1.46463
0.3824,-1.4658
0.3832,-1.46697
0.384,-1.46815
0.3848,-1.46932
0.3856,-1.4705
0.3864,-1.47167
0.3872,-1.47285
0.388,-1.47403
0.3888,-1.47521
0.3896,-1.47639
0.3904,-1.47757
0.3912,-1.47875
0.392,-1.47994
0.3928,-1.48112
0.3936,-1.48231
0.3944,-1.48349
0.3952,-1.48468
0.396,-1.48587
0.3968,-1.48706
0.3976,-1.48825
0.3984,-1.48944
0.3992,-1.49063
0.4,-1.49182
0.4008,-1.49302
0.4016,-1.49421
0.4024,-1.49541
0.4032,-1.49661
0.404,-1.4978
0.4048,-1.499
0.4056,-1.5002
0.4064,-1.5014
0.4072,-1.5026
0.408,-1.50381
0.4088,-1.50501
0.4096,-1.50622
0.4104,-1.50742
0.4112,-1.50863
0.412,-1.50983
0.4128,-1.51104
0.4136,-1.51225
0.4144,-1.51346
0.4152,-1.51467
0.416,-1.51589
0.4168,-1.5171
0.4176,-1.51831
0.4184,-1.51953
0.4192,-1.52074
0.42,-1.52196
0.4208,-1.52318
0.4216,-1.5244
0.4224,-1.52562
0.4232,-1.52684
0.424,-1.52806
0.4248,-1.52928
0.4256,-1.53051
0.4264,-1.53173
0.4272,-1.53296
0.428,-1.53419
0.4288,-1.53541
0.4296,-1.53664
0.4304,-1.53787
0.4312,-1.5391
0.432,-1.54034
0.4328,-1.54157
0.4336,-1.5428
0.4344,-1.54404
0.4352,-1.54527
0.436,-1.54651
0.4368,-1.54775
0.4376,-1.54899
0.4384,-1.55022
0.4392,-1.55147
0.44,-1.55271
0.4408,-1.55395
0.4416,-1.55519
0.4424,-1.55644
0.4432,-1.55768
0.444,-1.55893
0.4448,-1.56018
0.4456,-1.56143
0.4464,-1.56268
0.4472,-1.56393
0.448,-1.56518
0.4488,-1.56643
0.4496,-1.56768
0.4504,-1.56894
0.4512,-1.5702
0.452,-1.57145
0.4528,-1.57271
0.4536,-1.57397
0.4544,-1.57523
0.4552,-1.57649
0.456,-1.57775
0.4568,-1.57901
0.4576,-1.58028
0.4584,-1.58154
0.4592,-1.58281
0.46,-1.58407
0.4608,-1.58534
0.4616,-1.58661
0.4624,-1.58788
0.4632,-1.58915
0.464,-1.59042
0.4648,-1.5917
0.4656,-1.59297
0.4664,-1.59424
0.4672,-1.59552
0.468,-1.5968
0.4688,-1.59808
0.4696,-1.59935
0.4704,-1.60063
0.4712,-1.60192
0.472,-1.6032
0.4728,-1.60448
0.4736,-1.60576
0.4744,-1.60705
0.4752,-1.60834
0.476,-1.60962
0.4768,-1.61091
0.4776,-1.6122
0.4784,-1.61349
0.4792,-1.61478
0.48,-1.61607
0.4808,-1.61737
0.4816,-1.61866
0.4824,-1.61996
0.4832,-1.62125
0.484,-1.62255
0.4848,-1.62385
0.4856,-1.62515
0.4864,-1.62645
0.4872,-1.62775
0.488,-1.62905
0.4888,-1.63036
0.4896,-1.63166
0.4904,-1.63297
0.4912,-1.63428
0.492,-1.63558
0.4928,-1.63689
0.4936,-1.6382
0.4944,-1.63951
0.4952,-1.64083
0.496,-1.64214
0.4968,-1.64345
0.4976,-1.64477
0.4984,-1.64609
0.4992,-1.6474
0.5,-1.64872
0.5008,-1.65004
0.5016,-1.65136
0.5024,-1.65268
0.5032,-1.65401
0.504,-1.65533
0.5048,-1.65665
0.5056,-1.65798
0.5064,-1.65931
0.5072,-1.66063
0.508,-1.66196
0.5088,-1.66329
0.5096,-1.66463
0.5104,-1.66596
0.5112,-1.66729
0.512,-1.66863
0.5128,-1.66996
0.5136,-1.6713
0.5144,-1.67263
0.5152,-1.67397
0.516,-1.67531
0.5168,-1.67665
0.5176,-1.678
0.5184,-1.67934
0.5192,-1.68068
0.52,-1.68203
0.5208,-1.68337
0.5216,-1.68472
0.5224,-1.68607
0.5232,-1.68742
0.524,-1.68877
0.5248,-1.69012
0.5256,-1.69147
0.5264,-1.69283
0.5272,-1.69418
0.528,-1.69554
0.5288,-1.69689
0.5296,-1.69825
0.5304,-1.69961
0.5312,-1.70097
0.532,-1.70233
0.5328,-1.7037
0.5336,-1.70506
0.5344,-1.70642
0.5352,-1.70779
0.536,-1.70916
0.5368,-1.71052
0.5376,-1.71189
0.5384,-1.71326
0.5392,-1.71463
0.54,-1.71601
0.5408,-1.71738
0.5416,-1.71875
0.5424,-1.72013
0.5432,-1.72151
0.544,-1.72288
0.5448,-1.72426
0.5456,-1.72564
0.5464,-1.72702
0.5472,-1.72841
0.548,-1.72979
0.5488,-1.73117
0.5496,-1.73256
0.5504,-1.73395
0.5512,-1.73533
0.552,-1.73672
0.5528,-1.73811
0.5536,-1.7395
0.5544,-1.7409
0.5552,-1.74229
0.556,-1.74368
0.5568,-1.74508
0.5576,-1.74648
0.5584,-1.74787
0.5592,-1.74927
0.56,-1.75067
0.5608,-1.75207
0.5616,-1.75348
0.5624,-1.75488
0.5632,-1.75628
0.564,-1.75769
0.5648,-1.7591
0.5656,-1.7605
0.5664,-1.76191
0.5672,-1.76332
0.568,-1.76473
0.5688,-1.76615
0.5696,-1.76756
0.5704,-1.76897
0.5712,-1.77039
0.572,-1.77181
0.5728,-1.77323
0.5736,-1.77464
0.5744,-1.77606
0.5752,-1.77749
0.576,-1.77891
0.5768,-1.78033
0.5776,-1.78176
0.5784,-1.78318
0.5792,-1.78461
0.58,-1.78604
0.5808,-1.78747
0.5816,-1.7889
0.5824,-1.79033
0.5832,-1.79176
0.584,-1.7932
0.5848,-1.79463
0.5856,-1.79607
0.5864,-1.79751
0.5872,-1.79894
0.588,-1.80038
0.5888,-1.80182
0.5896,-1.80327
0.5904,-1.80471
0.5912,-1.80615
0.592,-1.8076
0.5928,-1.80905
0.5936,-1.81049
0.5944,-1.81194
0.5952,-1.81339
0.596,-1.81484
0.5968,-1.8163
0.5976,-1.81775
0.5984,-1.81921
0.5992,-1.82066
0.6,-1.82212
0.6008,-1.82358
0.6016,-1.82504
0.6024,-1.8265
0.6032,-1.82796
0.604,-1.82942
0.6048,-1.83089
0.6056,-1.83235
0.6064,-1.83382
0.6072,-1.83529
0.608,-1.83675
0.6088,-1.83822
0.6096,-1.8397
0.6104,-1.84117
0.6112,-1.84264
0.612,-1.84412
0.6128,-1.84559
0.6136,-1.84707
0.6144,-1.84855
0.6152,-1.85003
0.616,-1.85151
0.6168,-1.85299
0.6176,-1.85447
0.6184,-1.85596
0.6192,-1.85744
0.62,-1.85893
0.6208,-1.86042
0.6216,-1.8619
0.6224,-1.86339
0.6232,-1.86489
0.624,-1.86638
0.6248,-1.86787
0.6256,-1.86937
0.6264,-1.87086
0.6272,-1.87236
0.628,-1.87386
0.6288,-1.87536
0.6296,-1.87686
0.6304,-1.87836
0.6312,-1.87987
0.632,-1.88137
0.6328,-1.88288
0.6336,-1.88438
0.6344,-1.88589
0.6352,-1.8874
0.636,-1.88891
0.6368,-1.89042
0.6376,-1.89193
0.6384,-1.89345
0.6392,-1.89496
0.64,-1.89648
0.6408,-1.898
0.6416,-1.89952
0.6424,-1.90104
0.6432,-1.90256
0.644,-1.90408
0.6448,-1.90561
0.6456,-1.90713
0.6464,-1.90866
0.6472,-1.91018
0.648,-1.91171
0.6488,-1.91324
0.6496,-1.91477
0.6504,-1.91631
0.6512,-1.91784
0.652,-1.91938
0.6528,-1.92091
0.6536,-1.92245
0.6544,-1.92399
0.6552,-1.92553
0.656,-1.92707
0.6568,-1.92861
0.6576,-1.93015
0.6584,-1.9317
0.6592,-1.93325
0.66,-1.93479
0.6608,-1.93634
0.6616,-1.93789
0.6624,-1.93944
0.6632,-1.94099
0.664,-1.94255
0.6648,-1.9441
0.6656,-1.94566
0.6664,-1.94721
0.6672,-1.94877
0.668,-1.95033
0.6688,-1.95189
0.6696,-1.95346
0.6704,-1.95502
0.6712,-1.95658
0.672,-1.95815
0.6728,-1.95972
0.6736,-1.96129
0.6744,-1.96285
0.6752,-1.96443
0.676,-1.966
0.6768,-1.96757
0.6776,-1.96915
0.6784,-1.97072
0.6792,-1.9723
0.68,-1.97388
0.6808,-1.97546
0.6816,-1.97704
0.6824,-1.97862
0.6832,-1.9802
0.684,-1.98179
0.6848,-1.98338
0.6856,-1.98496
0.6864,-1.98655
0.6872,-1.98814
0.688,-1.98973
0.6888,-1.99132
0.6896,-1.99292
0.6904,-1.99451
0.6912,-1.99611
0.692,-1.99771
0.6928,-1.99931
0.6936,-2.00091
0.6944,-2.00251
0.6952,-2.00411
0.696,-2.00571
0.6968,-2.00732
0.6976,-2.00893
0.6984,-2.01053
0.6992,-2.01214
0.7,-2.01375
0.7008,-2.01536
0.7016,-2.01698
0.7024,-2.01859
0.7032,-2.02021
0.704,-2.02182
0.7048,-2.02344
0.7056,-2.02506
0.7064,-2.02668
0.7072,-2.0283
0.708,-2.02993
0.7088,-2.03155
0.7096,-2.03318
0.7104,-2.03481
0.7112,-2.03643
0.712,-2.03806
0.7128,-2.03969
0.7136,-2.04133
0.7144,-2.04296
0.7152,-2.0446
0.716,-2.04623
0.7168,-2.04787
0.7176,-2.04951
0.7184,-2.05115
0.7192,-2.05279
0.72,-2.05443
0.7208,-2.05608
0.7216,-2.05772
0.7224,-2.05937
0.7232,-2.06102
0.724,-2.06267
0.7248,-2.06432
0.7256,-2.06597
0.7264,-2.06762
0.7272,-2.06928
0.728,-2.07093
0.7288,-2.07259
0.7296,-2.07425
0.7304,-2.07591
0.7312,-2.07757
0.732,-2.07923
0.7328,-2.0809
0.7336,-2.08256
0.7344,-2.08423
0.7352,-2.0859
0.736,-2.08757
0.7368,-2.08924
0.7376,-2.09091
0.7384,-2.09258
0.7392,-2.09426
0.74,-2.09594
0.7408,-2.09761
0.7416,-2.09929
0.7424,-2.10097
0.7432,-2.10265
0.744,-2.10434
0.7448,-2.10602
0.7456,-2.10771
0.7464,-2.10939
0.7472,-2.11108
0.748,-2.11277
0.7488,-2.11446
0.7496,-2.11615
0.7504,-2.11785
0.7512,-2.11954
0.752,-2.12124
0.7528,-2.12294
0.7536,-2.12463
0.7544,-2.12634
0.7552,-2.12804
0.756,-2.12974
0.7568,-2.13144
0.7576,-2.13315
0.7584,-2.13486
0.7592,-2.13657
0.76,-2.13828
0.7608,-2.13999
0.7616,-2.1417
0.7624,-2.14341
0.7632,-2.14513
0.764,-2.14685
0.7648,-2.14856
0.7656,-2.15028
0.7664,-2.15201
0.7672,-2.15373
0.768,-2.15545
0.7688,-2.15718
0.7696,-2.1589
0.7704,-2.16063
0.7712,-2.16236
0.772,-2.16409
0.7728,-2.16582
0.7736,-2.16756
0.7744,-2.16929
0.7752,-2.17103
0.776,-2.17276
0.7768,-2.1745
0.7776,-2.17624
0.7784,-2.17798
0.7792,-2.17973
0.78,-2.18147
0.7808,-2.18322
0.7816,-2.18497
0.7824,-2.18671
0.7832,-2.18846
0.784,-2.19022
0.7848,-2.19197
0.7856,-2.19372
0.7864,-2.19548
0.7872,-2.19724
0.788,-2.19899
0.7888,-2.20075
0.7896,-2.20252
0.7904,-2.20428
0.7912,-2.20604
0.792,-2.20781
0.7928,-2.20957
0.7936,-2.21134
0.7944,-2.21311
0.7952,-2.21488
0.796,-2.21666
0.7968,-2.21843
0.7976,-2.22021
0.7984,-2.22198
0.7992,-2.22376
0.8,-2.22554
0.8008,-2.22732
0.8016,-2.2291
0.8024,-2.23089
0.8032,-2.23267
0.804,-2.23446
0.8048,-2.23625
0.8056,-2.23804
0.8064,-2.23983
0.8072,-2.24162
0.808,-2.24342
0.8088,-2.24521
0.8096,-2.24701
0.8104,-2.24881
0.8112,-2.25061
0.812,-2.25241
0.8128,-2.25421
0.8136,-2.25602
0.8144,-2.25782
0.8152,-2.25963
0.816,-2.26144
0.8168,-2.26325
0.8176,-2.26506
0.8184,-2.26687
0.8192,-2.26868
0.82,-2.2705
0.8208,-2.27232
0.8216,-2.27414
0.8224,-2.27596
0.8232,-2.27778
0.824,-2.2796
0.8248,-2.28142
0.8256,-2.28325
0.8264,-2.28508
0.8272,-2.28691
0.828,-2.28874
0.8288,-2.29057
0.8296,-2.2924
0.8304,-2.29424
0.8312,-2.29607
0.832,-2.29791
0.8328,-2.29975
0.8336,-2.30159
0.8344,-2.30343
0.8352,-2.30528
0.836,-2.30712
0.8368,-2.30897
0.8376,-2.31081
0.8384,-2.31266
0.8392,-2.31451
0.84,-2.31637
0.8408,-2.31822
0.8416,-2.32008
0.8424,-2.32193
0.8432,-2.32379
0.844,-2.32565
0.8448,-2.32751
0.8456,-2.32938
0.8464,-2.33124
0.8472,-2.33311
0.848,-2.33497
0.8488,-2.33684
0.8496,-2.33871
0.8504,-2.34058
0.8512,-2.34246
0.852,-2.34433
0.8528,-2.34621
0.8536,-2.34808
0.8544,-2.34996
0.8552,-2.35184
0.856,-2.35373
0.8568,-2.35561
0.8576,-2.3575
0.8584,-2.35938
0.8592,-2.36127
0.86,-2.36316
0.8608,-2.36505
0.8616,-2.36694
0.8624,-2.36884
0.8632,-2.37073
0.864,-2.37263
0.8648,-2.37453
0.8656,-2.37643
0.8664,-2.37833
0.8672,-2.38024
0.868,-2.38214
0.8688,-2.38405
0.8696,-2.38596
0.8704,-2.38787
0.8712,-2.38978
0.872,-2.39169
0.8728,-2.3936
0.8736,-2.39552
0.8744,-2.39744
0.8752,-2.39936
0.876,-2.40128
0.8768,-2.4032
0.8776,-2.40512
0.8784,-2.40705
0.8792,-2.40897
0.88,-2.4109
0.8808,-2.41283
0.8816,-2.41476
0.8824,-2.41669
0.8832,-2.41863
0.884,-2.42056
0.8848,-2.4225
0.8856,-2.42444
0.8864,-2.42638
0.8872,-2.42832
0.888,-2.43026
0.8888,-2.43221
0.8896,-2.43416
0.8904,-2.4361
0.8912,-2.43805
0.892,-2.44
0.8928,-2.44196
0.8936,-2.44391
0.8944,-2.44587
0.8952,-2.44783
0.896,-2.44978
0.8968,-2.45174
0.8976,-2.45371
0.8984,-2.45567
0.8992,-2.45764
0.9,-2.4596
0.9008,-2.46157
0.9016,-2.46354
0.9024,-2.46551
0.9032,-2.46749
0.904,-2.46946
0.9048,-2.47144
0.9056,-2.47342
0.9064,-2.4754
0.9072,-2.47738
0.908,-2.47936
0.9088,-2.48134
0.9096,-2.48333
0.9104,-2.48532
0.9112,-2.48731
0.912,-2.4893
0.9128,-2.49129
0.9136,-2.49328
0.9144,-2.49528
0.9152,-2.49727
0.916,-2.49927
0.9168,-2.50127
0.9176,-2.50328
0.9184,-2.50528
0.9192,-2.50728
0.92,-2.50929
0.9208,-2.5113
0.9216,-2.51331
0.9224,-2.51532
0.9232,-2.51733
0.924,-2.51935
0.9248,-2.52136
0.9256,-2.52338
0.9264,-2.5254
0.9272,-2.52742
0.928,-2.52945
0.9288,-2.53147
0.9296,-2.5335
0.9304,-2.53552
0.9312,-2.53755
0.932,-2.53958
0.9328,-2.54162
0.9336,-2.54365
0.9344,-2.54569
0.9352,-2.54772
0.936,-2.54976
0.9368,-2.5518
0.9376,-2.55384
0.9384,-2.55589
0.9392,-2.55793
0.94,-2.55998
0.9408,-2.56203
0.9416,-2.56408
0.9424,-2.56613
0.9432,-2.56819
0.944,-2.57024
0.9448,-2.5723
0.9456,-2.57436
0.9464,-2.57642
0.9472,-2.57848
0.948,-2.58054
0.9488,-2.58261
0.9496,-2.58468
0.9504,-2.58674
0.9512,-2.58881
0.952,-2.59089
0.9528,-2.59296
0.9536,-2.59503
0.9544,-2.59711
0.9552,-2.59919
0.956,-2.60127
0.9568,-2.60335
0.9576,-2.60544
0.9584,-2.60752
0.9592,-2.60961
0.96,-2.6117
0.9608,-2.61379
0.9616,-2.61588
0.9624,-2.61797
0.9632,-2.62007
0.964,-2.62216
0.9648,-2.62426
0.9656,-2.62636
0.9664,-2.62846
0.9672,-2.63057
0.968,-2.63267
0.9688,-2.63478
0.9696,-2.63689
0.9704,-2.639
0.9712,-2.64111
0.972,-2.64323
0.9728,-2.64534
0.9736,-2.64746
0.9744,-2.64958
0.9752,-2.6517
0.976,-2.65382
0.9768,-2.65594
0.9776,-2.65807
0.9784,-2.6602
0.9792,-2.66233
0.98,-2.66446
0.9808,-2.66659
0.9816,-2.66872
0.9824,-2.67086
0.9832,-2.673
0.984,-2.67514
0.9848,-2.67728
0.9856,-2.67942
0.9864,-2.68156
0.9872,-2.68371
0.988,-2.68586
0.9888,-2.68801
0.9896,-2.69016
0.9904,-2.69231
0.9912,-2.69447
0.992,-2.69662
0.9928,-2.69878
0.9936,-2.70094
0.9944,-2.7031
0.9952,-2.70527
0.996,-2.70743
0.9968,-2.7096
0.9976,-2.71177
0.9984,-2.71394
0.9992,-2.71611
1,-2.71828
1.0008,-2.72046
1.0016,-2.72263
1.0024,-2.72481
1.0032,-2.72699
1.004,-2.72918
1.0048,-2.73136
1.0056,-2.73355
1.0064,-2.73573
1.0072,-2.73792
1.008,-2.74012
1.0088,-2.74231
1.0096,-2.7445
1.0104,-2.7467
1.0112,-2.7489
1.012,-2.7511
1.0128,-2.7533
1.0136,-2.7555
1.0144,-2.75771
1.0152,-2.75992
1.016,-2.76212
1.0168,-2.76433
1.0176,-2.76655
1.0184,-2.76876
1.0192,-2.77098
1.02,-2.77319
1.0208,-2.77541
1.0216,-2.77764
1.0224,-2.77986
1.0232,-2.78208
1.024,-2.78431
1.0248,-2.78654
1.0256,-2.78877
1.0264,-2.791
1.0272,-2.79323
1.028,-2.79547
1.0288,-2.79771
1.0296,-2.79995
1.0304,-2.80219
1.0312,-2.80443
1.032,-2.80667
1.0328,-2.80892
1.0336,-2.81117
1.0344,-2.81342
1.0352,-2.81567
1.036,-2.81792
1.0368,-2.82018
1.0376,-2.82244
1.0384,-2.82469
1.0392,-2.82695
1.04,-2.82922
1.0408,-2.83148
1.0416,-2.83375
1.0424,-2.83602
1.0432,-2.83829
1.044,-2.84056
1.0448,-2.84283
1.0456,-2.84511
1.0464,-2.84738
1.0472,-2.84966
1.048,-2.85194
1.0488,-2.85422
1.0496,-2.85651
1.0504,-2.85879
1.0512,-2.86108
1.052,-2.86337
1.0528,-2.86566
1.0536,-2.86796
1.0544,-2.87025
1.0552,-2.87255
1.056,-2.87485
1.0568,-2.87715
1.0576,-2.87945
1.0584,-2.88176
1.0592,-2.88406
1.06,-2.88637
1.0608,-2.88868
1.0616,-2.89099
1.0624,-2.89331
1.0632,-2.89562
1.064,-2.89794
1.0648,-2.90026
1.0656,-2.90258
1.0664,-2.9049
1.0672,-2.90723
1.068,-2.90955
1.0688,-2.91188
1.0696,-2.91421
1.0704,-2.91655
1.0712,-2.91888
1.072,-2.92122
1.0728,-2.92355
1.0736,-2.92589
1.0744,-2.92824
1.0752,-2.93058
1.076,-2.93292
1.0768,-2.93527
1.0776,-2.93762
1.0784,-2.93997
1.0792,-2.94232
1.08,-2.94468
1.0808,-2.94704
1.0816,-2.94939
1.0824,-2.95176
1.0832,-2.95412
1.084,-2.95648
1.0848,-2.95885
1.0856,-2.96122
1.0864,-2.96359
1.0872,-2.96596
1.088,-2.96833
1.0888,-2.97071
1.0896,-2.97308
1.0904,-2.97546
1.0912,-2.97785
1.092,-2.98023
1.0928,-2.98261
1.0936,-2.985
1.0944,-2.98739
1.0952,-2.98978
1.096,-2.99217
1.0968,-2.99457
1.0976,-2.99696
1.0984,-2.99936
1.0992,-3.00176
1.1,-3.00417
1.1008,-3.00657
1.1016,-3.00898
1.1024,-3.01138
1.1032,-3.01379
1.104,-3.01621
1.1048,-3.01862
1.1056,-3.02104
1.1064,-3.02345
1.1072,-3.02587
1.108,-3.0283
1.1088,-3.03072
1.1096,-3.03314
1.1104,-3.03557
1.1112,-3.038
1.112,-3.04043
1.1128,-3.04287
1.1136,-3.0453
1.1144,-3.04774
1.1152,-3.05018
1.116,-3.05262
1.1168,-3.05506
1.1176,-3.05751
1.1184,-3.05995
1.1192,-3.0624
1.12,-3.06485
1.1208,-3.06731
1.1216,-3.06976
1.1224,-3.07222
1.1232,-3.07468
1.124,-3.07714
1.1248,-3.0796
1.1256,-3.08207
1.1264,-3.08453
1.1272,-3.087
1.128,-3.08947
1.1288,-3.09194
1.1296,-3.09442
1.1304,-3.0969
1.1312,-3.09937
1.132,-3.10185
1.1328,-3.10434
1.1336,-3.10682
1.1344,-3.10931
1.1352,-3.1118
1.136,-3.11429
1.1368,-3.11678
1.1376,-3.11927
1.1384,-3.12177
1.1392,-3.12427
1.14,-3.12677
1.1408,-3.12927
1.1416,-3.13178
1.1424,-3.13428
1.1432,-3.13679
1.144,-3.1393
1.1448,-3.14181
1.1456,-3.14433
1.1464,-3.14684
1.1472,-3.14936
1.148,-3.15188
1.1488,-3.15441
1.1496,-3.15693
1.1504,-3.15946
1.1512,-3.16199
1.152,-3.16452
1.1528,-3.16705
1.1536,-3.16958
1.1544,-3.17212
1.1552,-3.17466
1.156,-3.1772
1.1568,-3.17974
1.1576,-3.18229
1.1584,-3.18483
1.1592,-3.18738
1.16,-3.18993
1.1608,-3.19249
1.1616,-3.19504
1.1624,-3.1976
1.1632,-3.20016
1.164,-3.20272
1.1648,-3.20528
1.1656,-3.20785
1.1664,-3.21041
1.1672,-3.21298
1.168,-3.21556
1.1688,-3.21813
1.1696,-3.2207
1.1704,-3.22328
1.1712,-3.22586
1.172,-3.22844
1.1728,-3.23103
1.1736,-3.23361
1.1744,-3.2362
1.1752,-3.23879
1.176,-3.24138
1.1768,-3.24398
1.1776,-3.24657
1.1784,-3.24917
1.1792,-3.25177
1.18,-3.25437
1.1808,-3.25698
1.1816,-3.25959
1.1824,-3.26219
1.1832,-3.2648
1.184,-3.26742
1.1848,-3.27003
1.1856,-3.27265
1.1864,-3.27527
1.1872,-3.27789
1.188,-3.28051
1.1888,-3.28314
1.1896,-3.28577
1.1904,-3.2884
1.1912,-3.29103
1.192,-3.29366
1.1928,-3.2963
1.1936,-3.29894
1.1944,-3.30158
1.1952,-3.30422
1.196,-3.30686
1.1968,-3.30951
1.1976,-3.31216
1.1984,-3.31481
1.1992,-3.31746
1.2,-3.32012
1.2008,-3.32277
1.2016,-3.32543
1.2024,-3.32809
1.2032,-3.33076
1.204,-3.33342
1.2048,-3.33609
1.2056,-3.33876
1.2064,-3.34143
1.2072,-3.34411
1.208,-3.34678
1.2088,-3.34946
1.2096,-3.35214
1.2104,-3.35483
1.2112,-3.35751
1.212,-3.3602
1.2128,-3.36289
1.2136,-3.36558
1.2144,-3.36827
1.2152,-3.37097
1.216,-3.37367
1.2168,-3.37637
1.2176,-3.37907
1.2184,-3.38177
1.2192,-3.38448
1.22,-3.38719
1.2208,-3.3899
1.2216,-3.39261
1.2224,-3.39533
1.2232,-3.39804
1.224,-3.40076
1.2248,-3.40349
1.2256,-3.40621
1.2264,-3.40894
1.2272,-3.41166
1.228,-3.41439
1.2288,-3.41713
1.2296,-3.41986
1.2304,-3.4226
1.2312,-3.42534
1.232,-3.42808
1.2328,-3.43082
1.2336,-3.43357
1.2344,-3.43632
1.2352,-3.43907
1.236,-3.44182
1.2368,-3.44457
1.2376,-3.44733
1.2384,-3.45009
1.2392,-3.45285
1.24,-3.45561
1.2408,-3.45838
1.2416,-3.46115
1.2424,-3.46392
1.2432,-3.46669
1.244,-3.46946
1.2448,-3.47224
1.2456,-3.47502
1.2464,-3.4778
1.2472,-3.48058
1.248,-3.48337
1.2488,-3.48616
1.2496,-3.48895
1.2504,-3.49174
1.2512,-3.49453
1.252,-3.49733
1.2528,-3.50013
1.2536,-3.50293
1.2544,-3.50573
1.2552,-3.50854
1.256,-3.51135
1.2568,-3.51416
1.2576,-3.51697
1.2584,-3.51979
1.2592,-3.5226
1.26,-3.52542
1.2608,-3.52824
1.2616,-3.53107
1.2624,-3.53389
1.2632,-3.53672
1.264,-3.53955
1.2648,-3.54238
1.2656,-3.54522
1.2664,-3.54806
1.2672,-3.5509
1.268,-3.55374
1.2688,-3.55658
1.2696,-3.55943
1.2704,-3.56228
1.2712,-3.56513
1.272,-3.56798
1.2728,-3.57084
1.2736,-3.57369
1.2744,-3.57655
1.2752,-3.57942
1.276,-3.58228
1.2768,-3.58515
1.2776,-3.58802
1.2784,-3.59089
1.2792,-3.59376
1.28,-3.59664
1.2808,-3.59952
1.2816,-3.6024
1.2824,-3.60528
1.2832,-3.60817
1.284,-3.61106
1.2848,-3.61395
1.2856,-3.61684
1.2864,-3.61973
1.2872,-3.62263
1.288,-3.62553
1.2888,-3.62843
1.2896,-3.63133
1.2904,-3.63424
1.2912,-3.63715
1.292,-3.64006
1.2928,-3.64297
1.2936,-3.64589
1.2944,-3.64881
1.2952,-3.65173
1.296,-3.65465
1.2968,-3.65757
1.2976,-3.6605
1.2984,-3.66343
1.2992,-3.66636
1.3,-3.6693
1.3008,-3.67223
1.3016,-3.67517
1.3024,-3.67811
1.3032,-3.68106
1.304,-3.684
1.3048,-3.68695
1.3056,-3.6899
1.3064,-3.69286
1.3072,-3.69581
1.308,-3.69877
1.3088,-3.70173
1.3096,-3.70469
1.3104,-3.70766
1.3112,-3.71062
1.312,-3.71359
1.3128,-3.71657
1.3136,-3.71954
1.3144,-3.72252
1.3152,-3.7255
1.316,-3.72848
1.3168,-3.73146
1.3176,-3.73445
1.3184,-3.73744
1.3192,-3.74043
1.32,-3.74342
1.3208,-3.74642
1.3216,-3.74942
1.3224,-3.75242
1.3232,-3.75542
1.324,-3.75843
1.3248,-3.76143
1.3256,-3.76444
1.3264,-3.76746
1.3272,-3.77047
1.328,-3.77349
1.3288,-3.77651
1.3296,-3.77953
1.3304,-3.78256
1.3312,-3.78558
1.332,-3.78861
1.3328,-3.79165
1.3336,-3.79468
1.3344,-3.79772
1.3352,-3.80076
1.336,-3.8038
1.3368,-3.80684
1.3376,-3.80989
1.3384,-3.81294
1.3392,-3.81599
1.34,-3.81904
1.3408,-3.8221
1.3416,-3.82516
1.3424,-3.82822
1.3432,-3.83128
1.344,-3.83435
1.3448,-3.83742
1.3456,-3.84049
1.3464,-3.84356
1.3472,-3.84664
1.348,-3.84972
1.3488,-3.8528
1.3496,-3.85588
1.3504,-3.85897
1.3512,-3.86206
1.352,-3.86515
1.3528,-3.86824
1.3536,-3.87134
1.3544,-3.87444
1.3552,-3.87754
1.356,-3.88064
1.3568,-3.88375
1.3576,-3.88685
1.3584,-3.88996
1.3592,-3.89308
1.36,-3.89619
1.3608,-3.89931
1.3616,-3.90243
1.3624,-3.90556
1.3632,-3.90868
1.364,-3.91181
1.3648,-3.91494
1.3656,-3.91807
1.3664,-3.92121
1.3672,-3.92435
1.368,-3.92749
1.3688,-3.93063
1.3696,-3.93378
1.3704,-3.93693
1.3712,-3.94008
1.372,-3.94323
1.3728,-3.94639
1.3736,-3.94954
1.3744,-3.9527
1.3752,-3.95587
1.376,-3.95903
1.3768,-3.9622
1.3776,-3.96537
1.3784,-3.96855
1.3792,-3.97172
1.38,-3.9749
1.3808,-3.97808
1.3816,-3.98127
1.3824,-3.98445
1.3832,-3.98764
1.384,-3.99083
1.3848,-3.99403
1.3856,-3.99722
1.3864,-4.00042
1.3872,-4.00362
1.388,-4.00683
1.3888,-4.01004
1.3896,-4.01324
1.3904,-4.01646
1.3912,-4.01967
1.392,-4.02289
1.3928,-4.02611
1.3936,-4.02933
1.3944,-4.03255
1.3952,-4.03578
1.396,-4.03901
1.3968,-4.04224
1.3976,-4.04548
1.3984,-4.04872
1.3992,-4.05196
1.4,-4.0552
1.4008,-4.05845
1.4016,-4.06169
1.4024,-4.06494
1.4032,-4.0682
1.404,-4.07145
1.4048,-4.07471
1.4056,-4.07797
1.4064,-4.08124
1.4072,-4.0845
1.408,-4.08777
1.4088,-4.09104
1.4096,-4.09432
1.4104,-4.09759
1.4112,-4.10087
1.412,-4.10416
1.4128,-4.10744
1.4136,-4.11073
1.4144,-4.11402
1.4152,-4.11731
1.416,-4.12061
1.4168,-4.1239
1.4176,-4.1272
1.4184,-4.13051
1.4192,-4.13381
1.42,-4.13712
1.4208,-4.14043
1.4216,-4.14375
1.4224,-4.14706
1.4232,-4.15038
1.424,-4.1537
1.4248,-4.15703
1.4256,-4.16035
1.4264,-4.16368
1.4272,-4.16702
1.428,-4.17035
1.4288,-4.17369
1.4296,-4.17703
1.4304,-4.18037
1.4312,-4.18372
1.432,-4.18706
1.4328,-4.19042
1.4336,-4.19377
1.4344,-4.19713
1.4352,-4.20049
1.436,-4.20385
1.4368,-4.20721
1.4376,-4.21058
1.4384,-4.21395
1.4392,-4.21732
1.44,-4.2207
1.4408,-4.22407
1.4416,-4.22745
1.4424,-4.23084
1.4432,-4.23422
1.444,-4.23761
1.4448,-4.241
1.4456,-4.2444
1.4464,-4.24779
1.4472,-4.25119
1.448,-4.2546
1.4488,-4.258
1.4496,-4.26141
1.4504,-4.26482
1.4512,-4.26823
1.452,-4.27165
1.4528,-4.27507
1.4536,-4.27849
1.4544,-4.28191
1.4552,-4.28534
1.456,-4.28877
1.4568,-4.2922
1.4576,-4.29564
1.4584,-4.29908
1.4592,-4.30252
1.46,-4.30596
1.4608,-4.30941
1.4616,-4.31285
1.4624,-4.31631
1.4632,-4.31976
1.464,-4.32322
1.4648,-4.32668
1.4656,-4.33014
1.4664,-4.33361
1.4672,-4.33707
1.468,-4.34055
1.4688,-4.34402
1.4696,-4.3475
1.4704,-4.35098
1.4712,-4.35446
1.472,-4.35794
1.4728,-4.36143
1.4736,-4.36492
1.4744,-4.36841
1.4752,-4.37191
1.476,-4.37541
1.4768,-4.37891
1.4776,-4.38242
1.4784,-4.38592
1.4792,-4.38943
1.48,-4.39295
1.4808,-4.39646
1.4816,-4.39998
1.4824,-4.4035
1.4832,-4.40703
1.484,-4.41055
1.4848,-4.41408
1.4856,-4.41762
1.4864,-4.42115
1.4872,-4.42469
1.488,-4.42823
1.4888,-4.43177
1.4896,-4.43532
1.4904,-4.43887
1.4912,-4.44242
1.492,-4.44598
1.4928,-4.44954
1.4936,-4.4531
1.4944,-4.45666
1.4952,-4.46023
1.496,-4.4638
1.4968,-4.46737
1.4976,-4.47095
1.4984,-4.47452
1.4992,-4.47811
1.5,-4.48169
1.5008,-4.48528
1.5016,-4.48887
1.5024,-4.49246
1.5032,-4.49605
1.504,-4.49965
1.5048,-4.50325
1.5056,-4.50686
1.5064,-4.51046
1.5072,-4.51407
1.508,-4.51769
1.5088,-4.5213
1.5096,-4.52492
1.5104,-4.52854
1.5112,-4.53217
1.512,-4.53579
1.5128,-4.53942
1.5136,-4.54306
1.5144,-4.54669
1.5152,-4.55033
1.516,-4.55397
1.5168,-4.55762
1.5176,-4.56127
1.5184,-4.56492
1.5192,-4.56857
1.52,-4.57223
1.5208,-4.57588
1.5216,-4.57955
1.5224,-4.58321
1.5232,-4.58688
1.524,-4.59055
1.5248,-4.59422
1.5256,-4.5979
1.5264,-4.60158
1.5272,-4.60526
1.528,-4.60895
1.5288,-4.61264
1.5296,-4.61633
1.5304,-4.62002
1.5312,-4.62372
1.532,-4.62742
1.5328,-4.63113
1.5336,-4.63483
1.5344,-4.63854
1.5352,-4.64225
1.536,-4.64597
1.5368,-4.64969
1.5376,-4.65341
1.5384,-4.65713
1.5392,-4.66086
1.54,-4.66459
1.5408,-4.66832
1.5416,-4.67206
1.5424,-4.6758
1.5432,-4.67954
1.544,-4.68329
1.5448,-4.68703
1.5456,-4.69079
1.5464,-4.69454
1.5472,-4.6983
1.548,-4.70206
1.5488,-4.70582
1.5496,-4.70959
1.5504,-4.71336
1.5512,-4.71713
1.552,-4.7209
1.5528,-4.72468
1.5536,-4.72846
1.5544,-4.73225
1.5552,-4.73603
1.556,-4.73982
1.5568,-4.74362
1.5576,-4.74741
1.5584,-4.75121
1.5592,-4.75502
1.56,-4.75882
1.5608,-4.76263
1.5616,-4.76644
1.5624,-4.77026
1.5632,-4.77407
1.564,-4.77789
1.5648,-4.78172
1.5656,-4.78555
1.5664,-4.78938
1.5672,-4.79321
1.568,-4.79704
1.5688,-4.80088
1.5696,-4.80473
1.5704,-4.80857
1.5712,-4.81242
1.572,-4.81627
1.5728,-4.82013
1.5736,-4.82398
1.5744,-4.82784
1.5752,-4.83171
1.576,-4.83557
1.5768,-4.83944
1.5776,-4.84332
1.5784,-4.84719
1.5792,-4.85107
1.58,-4.85496
1.5808,-4.85884
1.5816,-4.86273
1.5824,-4.86662
1.5832,-4.87052
1.584,-4.87441
1.5848,-4.87832
1.5856,-4.88222
1.5864,-4.88613
1.5872,-4.89004
1.588,-4.89395
1.5888,-4.89787
1.5896,-4.90179
1.5904,-4.90571
1.5912,-4.90964
1.592,-4.91357
1.5928,-4.9175
1.5936,-4.92143
1.5944,-4.92537
1.5952,-4.92931
1.596,-4.93326
1.5968,-4.93721
1.5976,-4.94116
1.5984,-4.94511
1.5992,-4.94907
1.6,-4.95303
1.6008,-4.957
1.6016,-4.96096
1.6024,-4.96493
1.6032,-4.96891
1.604,-4.97288
1.6048,-4.97686
1.6056,-4.98085
1.6064,-4.98483
1.6072,-4.98882
1.608,-4.99282
1.6088,-4.99681
1.6096,-5.00081
1.6104,-5.00481
1.6112,-5.00882
1.612,-5.01283
1.6128,-5.01684
1.6136,-5.02085
1.6144,-5.02487
1.6152,-5.02889
1.616,-5.03292
1.6168,-5.03695
1.6176,-5.04098
1.6184,-5.04501
1.6192,-5.04905
1.62,-5.05309
1.6208,-5.05713
1.6216,-5.06118
1.6224,-5.06523
1.6232,-5.06929
1.624,-5.07334
1.6248,-5.0774
1.6256,-5.08147
1.6264,-5.08553
1.6272,-5.0896
1.628,-5.09368
1.6288,-5.09775
1.6296,-5.10183
1.6304,-5.10592
1.6312,-5.11
1.632,-5.11409
1.6328,-5.11819
1.6336,-5.12228
1.6344,-5.12638
1.6352,-5.13048
1.636,-5.13459
1.6368,-5.1387
1.6376,-5.14281
1.6384,-5.14693
1.6392,-5.15105
1.64,-5.15517
1.6408,-5.1593
1.6416,-5.16342
1.6424,-5.16756
1.6432,-5.17169
1.644,-5.17583
1.6448,-5.17997
1.6456,-5.18412
1.6464,-5.18827
1.6472,-5.19242
1.648,-5.19658
1.6488,-5.20074
1.6496,-5.2049
1.6504,-5.20906
1.6512,-5.21323
1.652,-5.2174
1.6528,-5.22158
1.6536,-5.22576
1.6544,-5.22994
1.6552,-5.23413
1.656,-5.23832
1.6568,-5.24251
1.6576,-5.2467
1.6584,-5.2509
1.6592,-5.25511
1.66,-5.25931
1.6608,-5.26352
1.6616,-5.26773
1.6624,-5.27195
1.6632,-5.27617
1.664,-5.28039
1.6648,-5.28462
1.6656,-5.28885
1.6664,-5.29308
1.6672,-5.29731
1.668,-5.30155
1.6688,-5.3058
1.6696,-5.31004
1.6704,-5.31429
1.6712,-5.31855
1.672,-5.3228
1.6728,-5.32706
1.6736,-5.33133
1.6744,-5.33559
1.6752,-5.33986
1.676,-5.34414
1.6768,-5.34841
1.6776,-5.35269
1.6784,-5.35698
1.6792,-5.36127
1.68,-5.36556
1.6808,-5.36985
1.6816,-5.37415
1.6824,-5.37845
1.6832,-5.38275
1.684,-5.38706
1.6848,-5.39137
1.6856,-5.39569
1.6864,-5.40001
1.6872,-5.40433
1.688,-5.40865
1.6888,-5.41298
1.6896,-5.41731
1.6904,-5.42165
1.6912,-5.42599
1.692,-5.43033
1.6928,-5.43468
1.6936,-5.43903
1.6944,-5.44338
1.6952,-5.44774
1.696,-5.4521
1.6968,-5.45646
1.6976,-5.46083
1.6984,-5.4652
1.6992,-5.46957
1.7,-5.47395
1.7008,-5.47833
1.7016,-5.48271
1.7024,-5.4871
1.7032,-5.49149
1.704,-5.49589
1.7048,-5.50029
1.7056,-5.50469
1.7064,-5.50909
1.7072,-5.5135
1.708,-5.51791
1.7088,-5.52233
1.7096,-5.52675
1.7104,-5.53117
1.7112,-5.5356
1.712,-5.54003
1.7128,-5.54446
1.7136,-5.5489
1.7144,-5.55334
1.7152,-5.55779
1.716,-5.56223
1.7168,-5.56669
1.7176,-5.57114
1.7184,-5.5756
1.7192,-5.58006
1.72,-5.58453
1.7208,-5.589
1.7216,-5.59347
1.7224,-5.59795
1.7232,-5.60243
1.724,-5.60691
1.7248,-5.6114
1.7256,-5.61589
1.7264,-5.62038
1.7272,-5.62488
1.728,-5.62938
1.7288,-5.63389
1.7296,-5.6384
1.7304,-5.64291
1.7312,-5.64743
1.732,-5.65195
1.7328,-5.65647
1.7336,-5.661
1.7344,-5.66553
1.7352,-5.67006
1.736,-5.6746
1.7368,-5.67914
1.7376,-5.68369
1.7384,-5.68823
1.7392,-5.69279
1.74,-5.69734
1.7408,-5.7019
1.7416,-5.70647
1.7424,-5.71103
1.7432,-5.7156
1.744,-5.72018
1.7448,-5.72476
1.7456,-5.72934
1.7464,-5.73392
1.7472,-5.73851
1.748,-5.7431
1.7488,-5.7477
1.7496,-5.7523
1.7504,-5.7569
1.7512,-5.76151
1.752,-5.76612
1.7528,-5.77074
1.7536,-5.77536
1.7544,-5.77998
1.7552,-5.7846
1.756,-5.78923
1.7568,-5.79387
1.7576,-5.7985
1.7584,-5.80314
1.7592,-5.80779
1.76,-5.81244
1.7608,-5.81709
1.7616,-5.82174
1.7624,-5.8264
1.7632,-5.83107
1.764,-5.83573
1.7648,-5.8404
1.7656,-5.84508
1.7664,-5.84976
1.7672,-5.85444
1.768,-5.85912
1.7688,-5.86381
1.7696,-5.86851
1.7704,-5.8732
1.7712,-5.8779
1.772,-5.88261
1.7728,-5.88731
1.7736,-5.89203
1.7744,-5.89674
1.7752,-5.90146
1.776,-5.90618
1.7768,-5.91091
1.7776,-5.91564
1.7784,-5.92038
1.7792,-5.92511
1.78,-5.92986
1.7808,-5.9346
1.7816,-5.93935
1.7824,-5.94411
1.7832,-5.94886
1.784,-5.95362
1.7848,-5.95839
1.7856,-5.96316
1.7864,-5.96793
1.7872,-5.97271
1.788,-5.97749
1.7888,-5.98227
1.7896,-5.98706
1.7904,-5.99185
1.7912,-5.99664
1.792,-6.00144
1.7928,-6.00625
1.7936,-6.01105
1.7944,-6.01586
1.7952,-6.02068
1.796,-6.0255
1.7968,-6.03032
1.7976,-6.03515
1.7984,-6.03998
1.7992,-6.04481
1.8,-6.04965
1.8008,-6.05449
1.8016,-6.05933
1.8024,-6.06418
1.8032,-6.06904
1.804,-6.07389
1.8048,-6.07876
1.8056,-6.08362
1.8064,-6.08849
1.8072,-6.09336
1.808,-6.09824
1.8088,-6.10312
1.8096,-6.108
1.8104,-6.11289
1.8112,-6.11778
1.812,-6.12268
1.8128,-6.12758
1.8136,-6.13248
1.8144,-6.13739
1.8152,-6.1423
1.816,-6.14722
1.8168,-6.15214
1.8176,-6.15706
1.8184,-6.16199
1.8192,-6.16692
1.82,-6.17186
1.8208,-6.1768
1.8216,-6.18174
1.8224,-6.18669
1.8232,-6.19164
1.824,-6.1966
1.8248,-6.20155
1.8256,-6.20652
1.8264,-6.21149
1.8272,-6.21646
1.828,-6.22143
1.8288,-6.22641
1.8296,-6.23139
1.8304,-6.23638
1.8312,-6.24137
1.832,-6.24637
1.8328,-6.25137
1.8336,-6.25637
1.8344,-6.26138
1.8352,-6.26639
1.836,-6.2714
1.8368,-6.27642
1.8376,-6.28144
1.8384,-6.28647
1.8392,-6.2915
1.84,-6.29654
1.8408,-6.30158
1.8416,-6.30662
1.8424,-6.31167
1.8432,-6.31672
1.844,-6.32177
1.8448,-6.32683
1.8456,-6.3319
1.8464,-6.33697
1.8472,-6.34204
1.848,-6.34711
1.8488,-6.35219
1.8496,-6.35728
1.8504,-6.36236
1.8512,-6.36746
1.852,-6.37255
1.8528,-6.37765
1.8536,-6.38276
1.8544,-6.38786
1.8552,-6.39298
1.856,-6.39809
1.8568,-6.40321
1.8576,-6.40834
1.8584,-6.41347
1.8592,-6.4186
1.86,-6.42374
1.8608,-6.42888
1.8616,-6.43402
1.8624,-6.43917
1.8632,-6.44433
1.864,-6.44948
1.8648,-6.45464
1.8656,-6.45981
1.8664,-6.46498
1.8672,-6.47015
1.868,-6.47533
1.8688,-6.48052
1.8696,-6.4857
1.8704,-6.49089
1.8712,-6.49609
1.872,-6.50129
1.8728,-6.50649
1.8736,-6.5117
1.8744,-6.51691
1.8752,-6.52212
1.876,-6.52734
1.8768,-6.53257
1.8776,-6.5378
1.8784,-6.54303
1.8792,-6.54826
1.88,-6.5535
1.8808,-6.55875
1.8816,-6.564
1.8824,-6.56925
1.8832,-6.57451
1.884,-6.57977
1.8848,-6.58504
1.8856,-6.59031
1.8864,-6.59558
1.8872,-6.60086
1.888,-6.60614
1.8888,-6.61143
1.8896,-6.61672
1.8904,-6.62202
1.8912,-6.62732
1.892,-6.63262
1.8928,-6.63793
1.8936,-6.64324
1.8944,-6.64856
1.8952,-6.65388
1.896,-6.6592
1.8968,-6.66453
1.8976,-6.66987
1.8984,-6.67521
1.8992,-6.68055
1.9,-6.68589
1.9008,-6.69125
1.9016,-6.6966
1.9024,-6.70196
1.9032,-6.70732
1.904,-6.71269
1.9048,-6.71806
1.9056,-6.72344
1.9064,-6.72882
1.9072,-6.73421
1.908,-6.7396
1.9088,-6.74499
1.9096,-6.75039
1.9104,-6.75579
1.9112,-6.7612
1.912,-6.76661
1.9128,-6.77202
1.9136,-6.77744
1.9144,-6.78287
1.9152,-6.7883
1.916,-6.79373
1.9168,-6.79917
1.9176,-6.80461
1.9184,-6.81005
1.9192,-6.8155
1.92,-6.82096
1.9208,-6.82642
1.9216,-6.83188
1.9224,-6.83735
1.9232,-6.84282
1.924,-6.8483
1.9248,-6.85378
1.9256,-6.85926
1.9264,-6.86475
1.9272,-6.87025
1.928,-6.87574
1.9288,-6.88125
1.9296,-6.88675
1.9304,-6.89227
1.9312,-6.89778
1.932,-6.9033
1.9328,-6.90883
1.9336,-6.91436
1.9344,-6.91989
1.9352,-6.92543
1.936,-6.93097
1.9368,-6.93652
1.9376,-6.94207
1.9384,-6.94763
1.9392,-6.95319
1.94,-6.95875
1.9408,-6.96432
1.9416,-6.96989
1.9424,-6.97547
1.9432,-6.98105
1.944,-6.98664
1.9448,-6.99223
1.9456,-6.99783
1.9464,-7.00343
1.9472,-7.00903
1.948,-7.01464
1.9488,-7.02026
1.9496,-7.02588
1.9504,-7.0315
1.9512,-7.03713
1.952,-7.04276
1.9528,-7.0484
1.9536,-7.05404
1.9544,-7.05968
1.9552,-7.06533
1.956,-7.07099
1.9568,-7.07665
1.9576,-7.08231
1.9584,-7.08798
1.9592,-7.09365
1.96,-7.09933
1.9608,-7.10501
1.9616,-7.1107
1.9624,-7.11639
1.9632,-7.12208
1.964,-7.12778
1.9648,-7.13349
1.9656,-7.13919
1.9664,-7.14491
1.9672,-7.15063
1.968,-7.15635
1.9688,-7.16208
1.9696,-7.16781
1.9704,-7.17355
1.9712,-7.17929
1.972,-7.18503
1.9728,-7.19078
1.9736,-7.19654
1.9744,-7.2023
1.9752,-7.20806
1.976,-7.21383
1.9768,-7.2196
1.9776,-7.22538
1.9784,-7.23116
1.9792,-7.23695
1.98,-7.24274
1.9808,-7.24854
1.9816,-7.25434
1.9824,-7.26015
1.9832,-7.26596
1.984,-7.27177
1.9848,-7.27759
1.9856,-7.28342
1.9864,-7.28925
1.9872,-7.29508
1.988,-7.30092
1.9888,-7.30676
1.9896,-7.31261
1.9904,-7.31846
1.9912,-7.32432
1.992,-7.33018
1.9928,-7.33605
1.9936,-7.34192
1.9944,-7.34779
1.9952,-7.35367
1.996,-7.35956
1.9968,-7.36545
1.9976,-7.37134
1.9984,-7.37724
1.9992,-7.38315
2,-7.38906
2.0008,-7.39497
2.0016,-7.40089
2.0024,-7.40681
2.0032,-7.41274
2.004,-7.41867
2.0048,-7.42461
2.0056,-7.43055
2.0064,-7.4365
2.0072,-7.44245
2.008,-7.44841
2.0088,-7.45437
2.0096,-7.46033
2.0104,-7.4663
2.0112,-7.47228
2.012,-7.47826
2.0128,-7.48424
2.0136,-7.49023
2.0144,-7.49623
2.0152,-7.50223
2.016,-7.50823
2.0168,-7.51424
2.0176,-7.52025
2.0184,-7.52627
2.0192,-7.5323
2.02,-7.53832
2.0208,-7.54436
2.0216,-7.5504
2.0224,-7.55644
2.0232,-7.56249
2.024,-7.56854
2.0248,-7.5746
2.0256,-7.58066
2.0264,-7.58672
2.0272,-7.5928
2.028,-7.59887
2.0288,-7.60495
2.0296,-7.61104
2.0304,-7.61713
2.0312,-7.62323
2.032,-7.62933
2.0328,-7.63544
2.0336,-7.64155
2.0344,-7.64766
2.0352,-7.65378
2.036,-7.65991
2.0368,-7.66604
2.0376,-7.67217
2.0384,-7.67831
2.0392,-7.68446
2.04,-7.69061
2.0408,-7.69676
2.0416,-7.70292
2.0424,-7.70909
2.0432,-7.71526
2.044,-7.72143
2.0448,-7.72761
2.0456,-7.7338
2.0464,-7.73999
2.0472,-7.74618
2.048,-7.75238
2.0488,-7.75859
2.0496,-7.76479
2.0504,-7.77101
2.0512,-7.77723
2.052,-7.78345
2.0528,-7.78968
2.0536,-7.79592
2.0544,-7.80216
2.0552,-7.8084
2.056,-7.81465
2.0568,-7.8209
2.0576,-7.82716
2.0584,-7.83343
2.0592,-7.8397
2.06,-7.84597
2.0608,-7.85225
2.0616,-7.85853
2.0624,-7.86482
2.0632,-7.87112
2.064,-7.87742
2.0648,-7.88372
2.0656,-7.89003
2.0664,-7.89635
2.0672,-7.90266
2.068,-7.90899
2.0688,-7.91532
2.0696,-7.92165
2.0704,-7.92799
2.0712,-7.93434
2.072,-7.94069
2.0728,-7.94704
2.0736,-7.9534
2.0744,-7.95977
2.0752,-7.96614
2.076,-7.97251
2.0768,-7.9789
2.0776,-7.98528
2.0784,-7.99167
2.0792,-7.99807
2.08,-8.00447
2.0808,-8.01088
2.0816,-8.01729
2.0824,-8.0237
2.0832,-8.03012
2.084,-8.03655
2.0848,-8.04298
2.0856,-8.04942
2.0864,-8.05586
2.0872,-8.06231
2.088,-8.06876
2.0888,-8.07522
2.0896,-8.08168
2.0904,-8.08815
2.0912,-8.09462
2.092,-8.1011
2.0928,-8.10758
2.0936,-8.11407
2.0944,-8.12057
2.0952,-8.12707
2.096,-8.13357
2.0968,-8.14008
2.0976,-8.14659
2.0984,-8.15311
2.0992,-8.15964
2.1,-8.16617
2.1008,-8.17271
2.1016,-8.17925
2.1024,-8.18579
2.1032,-8.19234
2.104,-8.1989
2.1048,-8.20546
2.1056,-8.21203
2.1064,-8.2186
2.1072,-8.22518
2.108,-8.23176
2.1088,-8.23835
2.1096,-8.24494
2.1104,-8.25154
2.1112,-8.25815
2.112,-8.26475
2.1128,-8.27137
2.1136,-8.27799
2.1144,-8.28461
2.1152,-8.29124
2.116,-8.29788
2.1168,-8.30452
2.1176,-8.31117
2.1184,-8.31782
2.1192,-8.32448
2.12,-8.33114
2.1208,-8.33781
2.1216,-8.34448
2.1224,-8.35116
2.1232,-8.35784
2.124,-8.36453
2.1248,-8.37122
2.1256,-8.37792
2.1264,-8.38463
2.1272,-8.39134
2.128,-8.39805
2.1288,-8.40478
2.1296,-8.4115
2.1304,-8.41823
2.1312,-8.42497
2.132,-8.43171
2.1328,-8.43846
2.1336,-8.44521
2.1344,-8.45197
2.1352,-8.45874
2.136,-8.46551
2.1368,-8.47228
2.1376,-8.47906
2.1384,-8.48585
2.1392,-8.49264
2.14,-8.49944
2.1408,-8.50624
2.1416,-8.51305
2.1424,-8.51986
2.1432,-8.52668
2.144,-8.5335
2.1448,-8.54033
2.1456,-8.54717
2.1464,-8.55401
2.1472,-8.56085
2.148,-8.56771
2.1488,-8.57456
2.1496,-8.58143
2.1504,-8.58829
2.1512,-8.59517
2.152,-8.60205
2.1528,-8.60893
2.1536,-8.61582
2.1544,-8.62271
2.1552,-8.62962
2.156,-8.63652
2.1568,-8.64343
2.1576,-8.65035
2.1584,-8.65727
2.1592,-8.6642
2.16,-8.67114
2.1608,-8.67808
2.1616,-8.68502
2.1624,-8.69197
2.1632,-8.69893
2.164,-8.70589
2.1648,-8.71286
2.1656,-8.71983
2.1664,-8.72681
2.1672,-8.7338
2.168,-8.74078
2.1688,-8.74778
2.1696,-8.75478
2.1704,-8.76179
2.1712,-8.7688
2.172,-8.77582
2.1728,-8.78284
2.1736,-8.78987
2.1744,-8.79691
2.1752,-8.80395
2.176,-8.81099
2.1768,-8.81804
2.1776,-8.8251
2.1784,-8.83216
2.1792,-8.83923
2.18,-8.84631
2.1808,-8.85339
2.1816,-8.86047
2.1824,-8.86756
2.1832,-8.87466
2.184,-8.88176
2.1848,-8.88887
2.1856,-8.89598
2.1864,-8.9031
2.1872,-8.91023
2.188,-8.91736
2.1888,-8.9245
2.1896,-8.93164
2.1904,-8.93879
2.1912,-8.94594
2.192,-8.9531
2.1928,-8.96027
2.1936,-8.96744
2.1944,-8.97461
2.1952,-8.9818
2.196,-8.98899
2.1968,-8.99618
2.1976,-9.00338
2.1984,-9.01059
2.1992,-9.0178
2.2,-9.02501
2.2008,-9.03224
2.2016,-9.03947
2.2024,-9.0467
2.2032,-9.05394
2.204,-9.06119
2.2048,-9.06844
2.2056,-9.0757
2.2064,-9.08296
2.2072,-9.09023
2.208,-9.0975
2.2088,-9.10478
2.2096,-9.11207
2.2104,-9.11936
2.2112,-9.12666
2.212,-9.13397
2.2128,-9.14128
2.2136,-9.14859
2.2144,-9.15591
2.2152,-9.16324
2.216,-9.17058
2.2168,-9.17791
2.2176,-9.18526
2.2184,-9.19261
2.2192,-9.19997
2.22,-9.20733
2.2208,-9.2147
2.2216,-9.22207
2.2224,-9.22945
2.2232,-9.23684
2.224,-9.24423
2.2248,-9.25163
2.2256,-9.25904
2.2264,-9.26645
2.2272,-9.27386
2.228,-9.28128
2.2288,-9.28871
2.2296,-9.29615
2.2304,-9.30359
2.2312,-9.31103
2.232,-9.31848
2.2328,-9.32594
2.2336,-9.33341
2.2344,-9.34088
2.2352,-9.34835
2.236,-9.35583
2.2368,-9.36332
2.2376,-9.37081
2.2384,-9.37831
2.2392,-9.38582
2.24,-9.39333
2.2408,-9.40085
2.2416,-9.40837
2.2424,-9.4159
2.2432,-9.42344
2.244,-9.43098
2.2448,-9.43853
2.2456,-9.44608
2.2464,-9.45364
2.2472,-9.46121
2.248,-9.46878
2.2488,-9.47636
2.2496,-9.48394
2.2504,-9.49153
2.2512,-9.49913
2.252,-9.50673
2.2528,-9.51434
2.2536,-9.52195
2.2544,-9.52957
2.2552,-9.5372
2.256,-9.54483
2.2568,-9.55247
2.2576,-9.56012
2.2584,-9.56777
2.2592,-9.57543
2.26,-9.58309
2.2608,-9.59076
2.2616,-9.59843
2.2624,-9.60612
2.2632,-9.6138
2.264,-9.6215
2.2648,-9.6292
2.2656,-9.63691
2.2664,-9.64462
2.2672,-9.65234
2.268,-9.66006
2.2688,-9.66779
2.2696,-9.67553
2.2704,-9.68327
2.2712,-9.69102
2.272,-9.69878
2.2728,-9.70654
2.2736,-9.71431
2.2744,-9.72208
2.2752,-9.72986
2.276,-9.73765
2.2768,-9.74545
2.2776,-9.75324
2.2784,-9.76105
2.2792,-9.76886
2.28,-9.77668
2.2808,-9.7845
2.2816,-9.79234
2.2824,-9.80017
2.2832,-9.80802
2.284,-9.81587
2.2848,-9.82372
2.2856,-9.83158
2.2864,-9.83945
2.2872,-9.84733
2.288,-9.85521
2.2888,-9.86309
2.2896,-9.87099
2.2904,-9.87889
2.2912,-9.88679
2.292,-9.89471
2.2928,-9.90263
2.2936,-9.91055
2.2944,-9.91848
2.2952,-9.92642
2.296,-9.93437
2.2968,-9.94232
2.2976,-9.95027
2.2984,-9.95824
2.2992,-9.96621
2.3,-9.97418
2.3008,-9.98216
2.3016,-9.99015
2.3024,-9.99815
2.3032,-10.0062
2.304,-10.0142
2.3048,-10.0222
2.3056,-10.0302
2.3064,-10.0382
2.3072,-10.0463
2.308,-10.0543
2.3088,-10.0623
2.3096,-10.0704
2.3104,-10.0785
2.3112,-10.0865
2.312,-10.0946
2.3128,-10.1027
2.3136,-10.1108
2.3144,-10.1188
2.3152,-10.1269
2.316,-10.1351
2.3168,-10.1432
2.3176,-10.1513
2.3184,-10.1594
2.3192,-10.1675
2.32,-10.1757
2.3208,-10.1838
2.3216,-10.192
2.3224,-10.2001
2.3232,-10.2083
2.324,-10.2165
2.3248,-10.2246
2.3256,-10.2328
2.3264,-10.241
2.3272,-10.2492
2.328,-10.2574
2.3288,-10.2656
2.3296,-10.2738
2.3304,-10.2821
2.3312,-10.2903
2.332,-10.2985
2.3328,-10.3068
2.3336,-10.315
2.3344,-10.3233
2.3352,-10.3315
2.336,-10.3398
2.3368,-10.3481
2.3376,-10.3564
2.3384,-10.3646
2.3392,-10.3729
2.34,-10.3812
2.3408,-10.3895
2.3416,-10.3979
2.3424,-10.4062
2.3432,-10.4145
2.344,-10.4228
2.3448,-10.4312
2.3456,-10.4395
2.3464,-10.4479
2.3472,-10.4563
2.348,-10.4646
2.3488,-10.473
2.3496,-10.4814
2.3504,-10.4898
2.3512,-10.4982
2.352,-10.5066
2.3528,-10.515
2.3536,-10.5234
2.3544,-10.5318
2.3552,-10.5402
2.356,-10.5487
2.3568,-10.5571
2.3576,-10.5656
2.3584,-10.574
2.3592,-10.5825
2.36,-10.591
2.3608,-10.5994
2.3616,-10.6079
2.3624,-10.6164
2.3632,-10.6249
2.364,-10.6334
2.3648,-10.6419
2.3656,-10.6504
2.3664,-10.659
2.3672,-10.6675
2.368,-10.676
2.3688,-10.6846
2.3696,-10.6931
2.3704,-10.7017
2.3712,-10.7102
2.372,-10.7188
2.3728,-10.7274
2.3736,-10.736
2.3744,-10.7446
2.3752,-10.7532
2.376,-10.7618
2.3768,-10.7704
2.3776,-10.779
2.3784,-10.7876
2.3792,-10.7963
2.38,-10.8049
2.3808,-10.8136
2.3816,-10.8222
2.3824,-10.8309
2.3832,-10.8395
2.384,-10.8482
2.3848,-10.8569
2.3856,-10.8656
2.3864,-10.8743
2.3872,-10.883
2.388,-10.8917
2.3888,-10.9004
2.3896,-10.9091
2.3904,-10.9179
2.3912,-10.9266
2.392,-10.9353
2.3928,-10.9441
2.3936,-10.9529
2.3944,-10.9616
2.3952,-10.9704
2.396,-10.9792
2.3968,-10.988
2.3976,-10.9968
2.3984,-11.0056
2.3992,-11.0144
2.4,-11.0232
2.4008,-11.032
2.4016,-11.0408
2.4024,-11.0497
2.4032,-11.0585
2.404,-11.0674
2.4048,-11.0762
2.4056,-11.0851
2.4064,-11.094
2.4072,-11.1028
2.408,-11.1117
2.4088,-11.1206
2.4096,-11.1295
2.4104,-11.1384
2.4112,-11.1473
2.412,-11.1563
2.4128,-11.1652
2.4136,-11.1741
2.4144,-11.1831
2.4152,-11.192
2.416,-11.201
2.4168,-11.2099
2.4176,-11.2189
2.4184,-11.2279
2.4192,-11.2369
2.42,-11.2459
2.4208,-11.2549
2.4216,-11.2639
2.4224,-11.2729
2.4232,-11.2819
2.424,-11.2909
2.4248,-11.3
2.4256,-11.309
2.4264,-11.3181
2.4272,-11.3271
2.428,-11.3362
2.4288,-11.3453
2.4296,-11.3543
2.4304,-11.3634
2.4312,-11.3725
2.432,-11.3816
2.4328,-11.3907
2.4336,-11.3998
2.4344,-11.409
2.4352,-11.4181
2.436,-11.4272
2.4368,-11.4364
2.4376,-11.4455
2.4384,-11.4547
2.4392,-11.4639
2.44,-11.473
2.4408,-11.4822
2.4416,-11.4914
2.4424,-11.5006
2.4432,-11.5098
2.444,-11.519
2.4448,-11.5282
2.4456,-11.5375
2.4464,-11.5467
2.4472,-11.5559
2.448,-11.5652
2.4488,-11.5744
2.4496,-11.5837
2.4504,-11.593
2.4512,-11.6023
2.452,-11.6115
2.4528,-11.6208
2.4536,-11.6301
2.4544,-11.6394
2.4552,-11.6488
2.456,-11.6581
2.4568,-11.6674
2.4576,-11.6768
2.4584,-11.6861
2.4592,-11.6955
2.46,-11.7048
2.4608,-11.7142
2.4616,-11.7236
2.4624,-11.7329
2.4632,-11.7423
2.464,-11.7517
2.4648,-11.7611
2.4656,-11.7705
2.4664,-11.78
2.4672,-11.7894
2.468,-11.7988
2.4688,-11.8083
2.4696,-11.8177
2.4704,-11.8272
2.4712,-11.8366
2.472,-11.8461
2.4728,-11.8556
2.4736,-11.8651
2.4744,-11.8746
2.4752,-11.8841
2.476,-11.8936
2.4768,-11.9031
2.4776,-11.9126
2.4784,-11.9222
2.4792,-11.9317
2.48,-11.9413
2.4808,-11.9508
2.4816,-11.9604
2.4824,-11.97
2.4832,-11.9795
2.484,-11.9891
2.4848,-11.9987
2.4856,-12.0083
2.4864,-12.0179
2.4872,-12.0276
2.488,-12.0372
2.4888,-12.0468
2.4896,-12.0565
2.4904,-12.0661
2.4912,-12.0758
2.492,-12.0854
2.4928,-12.0951
2.4936,-12.1048
2.4944,-12.1145
2.4952,-12.1242
2.496,-12.1339
2.4968,-12.1436
2.4976,-12.1533
2.4984,-12.163
2.4992,-12.1728
2.5,-12.1825
2.5008,-12.1922
2.5016,-12.202
2.5024,-12.2118
2.5032,-12.2215
2.504,-12.2313
2.5048,-12.2411
2.5056,-12.2509
2.5064,-12.2607
2.5072,-12.2705
2.508,-12.2803
2.5088,-12.2902
2.5096,-12.3
2.5104,-12.3099
2.5112,-12.3197
2.512,-12.3296
2.5128,-12.3394
2.5136,-12.3493
2.5144,-12.3592
2.5152,-12.3691
2.516,-12.379
2.5168,-12.3889
2.5176,-12.3988
2.5184,-12.4087
2.5192,-12.4187
2.52,-12.4286
2.5208,-12.4385
2.5216,-12.4485
2.5224,-12.4585
2.5232,-12.4684
2.524,-12.4784
2.5248,-12.4884
2.5256,-12.4984
2.5264,-12.5084
2.5272,-12.5184
2.528,-12.5284
2.5288,-12.5385
2.5296,-12.5485
2.5304,-12.5585
2.5312,-12.5686
2.532,-12.5786
2.5328,-12.5887
2.5336,-12.5988
2.5344,-12.6089
2.5352,-12.619
2.536,-12.6291
2.5368,-12.6392
2.5376,-12.6493
2.5384,-12.6594
2.5392,-12.6695
2.54,-12.6797
2.5408,-12.6898
2.5416,-12.7
2.5424,-12.7101
2.5432,-12.7203
2.544,-12.7305
2.5448,-12.7407
2.5456,-12.7509
2.5464,-12.7611
2.5472,-12.7713
2.548,-12.7815
2.5488,-12.7917
2.5496,-12.802
2.5504,-12.8122
2.5512,-12.8225
2.552,-12.8327
2.5528,-12.843
2.5536,-12.8533
2.5544,-12.8636
2.5552,-12.8739
2.556,-12.8842
2.5568,-12.8945
2.5576,-12.9048
2.5584,-12.9151
2.5592,-12.9255
2.56,-12.9358
2.5608,-12.9462
2.5616,-12.9565
2.5624,-12.9669
2.5632,-12.9773
2.564,-12.9877
2.5648,-12.9981
2.5656,-13.0085
2.5664,-13.0189
2.5672,-13.0293
2.568,-13.0397
2.5688,-13.0502
2.5696,-13.0606
2.5704,-13.0711
2.5712,-13.0815
2.572,-13.092
2.5728,-13.1025
2.5736,-13.1129
2.5744,-13.1234
2.5752,-13.1339
2.576,-13.1445
2.5768,-13.155
2.5776,-13.1655
2.5784,-13.176
2.5792,-13.1866
2.58,-13.1971
2.5808,-13.2077
2.5816,-13.2183
2.5824,-13.2288
2.5832,-13.2394
2.584,-13.25
2.5848,-13.2606
2.5856,-13.2712
2.5864,-13.2819
2.5872,-13.2925
2.588,-13.3031
2.5888,-13.3138
2.5896,-13.3244
2.5904,-13.3351
2.5912,-13.3458
2.592,-13.3565
2.5928,-13.3671
2.5936,-13.3778
2.5944,-13.3886
2.5952,-13.3993
2.596,-13.41
2.5968,-13.4207
2.5976,-13.4315
2.5984,-13.4422
2.5992,-13.453
2.6,-13.4637
2.6008,-13.4745
2.6016,-13.4853
2.6024,-13.4961
2.6032,-13.5069
2.604,-13.5177
2.6048,-13.5285
2.6056,-13.5393
2.6064,-13.5502
2.6072,-13.561
2.608,-13.5719
2.6088,-13.5827
2.6096,-13.5936
2.6104,-13.6045
2.6112,-13.6154
2.612,-13.6263
2.6128,-13.6372
2.6136,-13.6481
2.6144,-13.659
2.6152,-13.67
2.616,-13.6809
2.6168,-13.6918
2.6176,-13.7028
2.6184,-13.7138
2.6192,-13.7247
2.62,-13.7357
2.6208,-13.7467
2.6216,-13.7577
2.6224,-13.7687
2.6232,-13.7797
2.624,-13.7908
2.6248,-13.8018
2.6256,-13.8129
2.6264,-13.8239
2.6272,-13.835
2.628,-13.8461
2.6288,-13.8571
2.6296,-13.8682
2.6304,-13.8793
2.6312,-13.8904
2.632,-13.9015
2.6328,-13.9127
2.6336,-13.9238
2.6344,-13.9349
2.6352,-13.9461
2.636,-13.9573
2.6368,-13.9684
2.6376,-13.9796
2.6384,-13.9908
2.6392,-14.002
2.64,-14.0132
2.6408,-14.0244
2.6416,-14.0356
2.6424,-14.0469
2.6432,-14.0581
2.644,-14.0694
2.6448,-14.0806
2.6456,-14.0919
2.6464,-14.1032
2.6472,-14.1145
2.648,-14.1258
2.6488,-14.1371
2.6496,-14.1484
2.6504,-14.1597
2.6512,-14.171
2.652,-14.1824
2.6528,-14.1937
2.6536,-14.2051
2.6544,-14.2165
2.6552,-14.2278
2.656,-14.2392
2.6568,-14.2506
2.6576,-14.262
2.6584,-14.2734
2.6592,-14.2849
2.66,-14.2963
2.6608,-14.3077
2.6616,-14.3192
2.6624,-14.3306
2.6632,-14.3421
2.664,-14.3536
2.6648,-14.3651
2.6656,-14.3766
2.6664,-14.3881
2.6672,-14.3996
2.668,-14.4111
2.6688,-14.4227
2.6696,-14.4342
2.6704,-14.4457
2.6712,-14.4573
2.672,-14.4689
2.6728,-14.4805
2.6736,-14.492
2.6744,-14.5036
2.6752,-14.5153
2.676,-14.5269
2.6768,-14.5385
2.6776,-14.5501
2.6784,-14.5618
2.6792,-14.5734
2.68,-14.5851
2.6808,-14.5968
2.6816,-14.6084
2.6824,-14.6201
2.6832,-14.6318
2.684,-14.6436
2.6848,-14.6553
2.6856,-14.667
2.6864,-14.6787
2.6872,-14.6905
2.688,-14.7022
2.6888,-14.714
2.6896,-14.7258
2.6904,-14.7376
2.6912,-14.7494
2.692,-14.7612
2.6928,-14.773
2.6936,-14.7848
2.6944,-14.7966
2.6952,-14.8085
2.696,-14.8203
2.6968,-14.8322
2.6976,-14.8441
2.6984,-14.8559
2.6992,-14.8678
2.7,-14.8797
2.7008,-14.8916
2.7016,-14.9036
2.7024,-14.9155
2.7032,-14.9274
2.704,-14.9394
2.7048,-14.9513
2.7056,-14.9633
2.7064,-14.9753
2.7072,-14.9873
2.708,-14.9992
2.7088,-15.0113
2.7096,-15.0233
2.7104,-15.0353
2.7112,-15.0473
2.712,-15.0594
2.7128,-15.0714
2.7136,-15.0835
2.7144,-15.0956
2.7152,-15.1076
2.716,-15.1197
2.7168,-15.1318
2.7176,-15.1439
2.7184,-15.1561
2.7192,-15.1682
2.72,-15.1803
2.7208,-15.1925
2.7216,-15.2046
2.7224,-15.2168
2.7232,-15.229
2.724,-15.2412
2.7248,-15.2534
2.7256,-15.2656
2.7264,-15.2778
2.7272,-15.29
2.728,-15.3023
2.7288,-15.3145
2.7296,-15.3268
2.7304,-15.339
2.7312,-15.3513
2.732,-15.3636
2.7328,-15.3759
2.7336,-15.3882
2.7344,-15.4005
2.7352,-15.4128
2.736,-15.4252
2.7368,-15.4375
2.7376,-15.4499
2.7384,-15.4622
2.7392,-15.4746
2.74,-15.487
2.7408,-15.4994
2.7416,-15.5118
2.7424,-15.5242
2.7432,-15.5366
2.744,-15.5491
2.7448,-15.5615
2.7456,-15.574
2.7464,-15.5864
2.7472,-15.5989
2.748,-15.6114
2.7488,-15.6239
2.7496,-15.6364
2.7504,-15.6489
2.7512,-15.6614
2.752,-15.6739
2.7528,-15.6865
2.7536,-15.699
2.7544,-15.7116
2.7552,-15.7242
2.756,-15.7368
2.7568,-15.7494
2.7576,-15.762
2.7584,-15.7746
2.7592,-15.7872
2.76,-15.7998
2.7608,-15.8125
2.7616,-15.8251
2.7624,-15.8378
2.7632,-15.8505
2.764,-15.8632
2.7648,-15.8759
2.7656,-15.8886
2.7664,-15.9013
2.7672,-15.914
2.768,-15.9267
2.7688,-15.9395
2.7696,-15.9523
2.7704,-15.965
2.7712,-15.9778
2.772,-15.9906
2.7728,-16.0034
2.7736,-16.0162
2.7744,-16.029
2.7752,-16.0418
2.776,-16.0547
2.7768,-16.0675
2.7776,-16.0804
2.7784,-16.0933
2.7792,-16.1061
2.78,-16.119
2.7808,-16.1319
2.7816,-16.1448
2.7824,-16.1578
2.7832,-16.1707
2.784,-16.1836
2.7848,-16.1966
2.7856,-16.2095
2.7864,-16.2225
2.7872,-16.2355
2.788,-16.2485
2.7888,-16.2615
2.7896,-16.2745
2.7904,-16.2875
2.7912,-16.3006
2.792,-16.3136
2.7928,-16.3267
2.7936,-16.3397
2.7944,-16.3528
2.7952,-16.3659
2.796,-16.379
2.7968,-16.3921
2.7976,-16.4052
2.7984,-16.4184
2.7992,-16.4315
2.8,-16.4446
2.8008,-16.4578
2.8016,-16.471
2.8024,-16.4842
2.8032,-16.4974
2.804,-16.5106
2.8048,-16.5238
2.8056,-16.537
2.8064,-16.5502
2.8072,-16.5635
2.808,-16.5767
2.8088,-16.59
2.8096,-16.6033
2.8104,-16.6166
2.8112,-16.6299
2.812,-16.6432
2.8128,-16.6565
2.8136,-16.6698
2.8144,-16.6832
2.8152,-16.6965
2.816,-16.7099
2.8168,-16.7233
2.8176,-16.7366
2.8184,-16.75
2.8192,-16.7634
2.82,-16.7769
2.8208,-16.7903
2.8216,-16.8037
2.8224,-16.8172
2.8232,-16.8306
2.824,-16.8441
2.8248,-16.8576
2.8256,-16.8711
2.8264,-16.8846
2.8272,-16.8981
2.828,-16.9116
2.8288,-16.9251
2.8296,-16.9387
2.8304,-16.9522
2.8312,-16.9658
2.832,-16.9794
2.8328,-16.993
2.8336,-17.0066
2.8344,-17.0202
2.8352,-17.0338
2.836,-17.0474
2.8368,-17.0611
2.8376,-17.0747
2.8384,-17.0884
2.8392,-17.1021
2.84,-17.1158
2.8408,-17.1295
2.8416,-17.1432
2.8424,-17.1569
2.8432,-17.1706
2.844,-17.1844
2.8448,-17.1981
2.8456,-17.2119
2.8464,-17.2257
2.8472,-17.2394
2.848,-17.2532
2.8488,-17.267
2.8496,-17.2809
2.8504,-17.2947
2.8512,-17.3085
2.852,-17.3224
2.8528,-17.3363
2.8536,-17.3501
2.8544,-17.364
2.8552,-17.3779
2.856,-17.3918
2.8568,-17.4057
2.8576,-17.4197
2.8584,-17.4336
2.8592,-17.4476
2.86,-17.4615
2.8608,-17.4755
2.8616,-17.4895
2.8624,-17.5035
2.8632,-17.5175
2.864,-17.5315
2.8648,-17.5455
2.8656,-17.5596
2.8664,-17.5736
2.8672,-17.5877
2.868,-17.6018
2.8688,-17.6159
2.8696,-17.63
2.8704,-17.6441
2.8712,-17.6582
2.872,-17.6723
2.8728,-17.6865
2.8736,-17.7006
2.8744,-17.7148
2.8752,-17.729
2.876,-17.7432
2.8768,-17.7574
2.8776,-17.7716
2.8784,-17.7858
2.8792,-17.8
2.88,-17.8143
2.8808,-17.8285
2.8816,-17.8428
2.8824,-17.8571
2.8832,-17.8714
2.884,-17.8857
2.8848,-17.9
2.8856,-17.9143
2.8864,-17.9287
2.8872,-17.943
2.888,-17.9574
2.8888,-17.9717
2.8896,-17.9861
2.8904,-18.0005
2.8912,-18.0149
2.892,-18.0293
2.8928,-18.0438
2.8936,-18.0582
2.8944,-18.0727
2.8952,-18.0871
2.896,-18.1016
2.8968,-18.1161
2.8976,-18.1306
2.8984,-18.1451
2.8992,-18.1596
2.9,-18.1741
2.9008,-18.1887
2.9016,-18.2032
2.9024,-18.2178
2.9032,-18.2324
2.904,-18.247
2.9048,-18.2616
2.9056,-18.2762
2.9064,-18.2908
2.9072,-18.3055
2.908,-18.3201
2.9088,-18.3348
2.9096,-18.3495
2.9104,-18.3641
2.9112,-18.3788
2.912,-18.3935
2.9128,-18.4083
2.9136,-18.423
2.9144,-18.4377
2.9152,-18.4525
2.916,-18.4673
2.9168,-18.4821
2.9176,-18.4968
2.9184,-18.5116
2.9192,-18.5265
2.92,-18.5413
2.9208,-18.5561
2.9216,-18.571
2.9224,-18.5858
2.9232,-18.6007
2.924,-18.6156
2.9248,-18.6305
2.9256,-18.6454
2.9264,-18.6603
2.9272,-18.6753
2.928,-18.6902
2.9288,-18.7052
2.9296,-18.7201
2.9304,-18.7351
2.9312,-18.7501
2.932,-18.7651
2.9328,-18.7801
2.9336,-18.7952
2.9344,-18.8102
2.9352,-18.8253
2.936,-18.8403
2.9368,-18.8554
2.9376,-18.8705
2.9384,-18.8856
2.9392,-18.9007
2.94,-18.9158
2.9408,-18.931
2.9416,-18.9461
2.9424,-18.9613
2.9432,-18.9765
2.944,-18.9917
2.9448,-19.0069
2.9456,-19.0221
2.9464,-19.0373
2.9472,-19.0525
2.948,-19.0678
2.9488,-19.083
2.9496,-19.0983
2.9504,-19.1136
2.9512,-19.1289
2.952,-19.1442
2.9528,-19.1595
2.9536,-19.1749
2.9544,-19.1902
2.9552,-19.2056
2.956,-19.2209
2.9568,-19.2363
2.9576,-19.2517
2.9584,-19.2671
2.9592,-19.2825
2.96,-19.298
2.9608,-19.3134
2.9616,-19.3289
2.9624,-19.3443
2.9632,-19.3598
2.964,-19.3753
2.9648,-19.3908
2.9656,-19.4063
2.9664,-19.4219
2.9672,-19.4374
2.968,-19.453
2.9688,-19.4685
2.9696,-19.4841
2.9704,-19.4997
2.9712,-19.5153
2.972,-19.5309
2.9728,-19.5466
2.9736,-19.5622
2.9744,-19.5779
2.9752,-19.5935
2.976,-19.6092
2.9768,-19.6249
2.9776,-19.6406
2.9784,-19.6563
2.9792,-19.6721
2.98,-19.6878
2.9808,-19.7036
2.9816,-19.7193
2.9824,-19.7351
2.9832,-19.7509
2.984,-19.7667
2.9848,-19.7825
2.9856,-19.7984
2.9864,-19.8142
2.9872,-19.8301
2.988,-19.846
2.9888,-19.8618
2.9896,-19.8777
2.9904,-19.8936
2.9912,-19.9096
2.992,-19.9255
2.9928,-19.9414
2.9936,-19.9574
2.9944,-19.9734
2.9952,-19.9894
2.996,-20.0054
2.9968,-20.0214
2.9976,-20.0374
2.9984,-20.0534
2.9992,-20.0695
3,-20.0855
3.0008,-20.1016
3.0016,-20.1177
3.0024,-20.1338
3.0032,-20.1499
3.004,-20.166
3.0048,-20.1822
3.0056,-20.1983
3.0064,-20.2145
3.0072,-20.2307
3.008,-20.2469
3.0088,-20.2631
3.0096,-20.2793
3.0104,-20.2955
3.0112,-20.3118
3.012,-20.328
3.0128,-20.3443
3.0136,-20.3606
3.0144,-20.3769
3.0152,-20.3932
3.016,-20.4095
3.0168,-20.4258
3.0176,-20.4422
3.0184,-20.4585
3.0192,-20.4749
3.02,-20.4913
3.0208,-20.5077
3.0216,-20.5241
3.0224,-20.5405
3.0232,-20.557
3.024,-20.5734
3.0248,-20.5899
3.0256,-20.6064
3.0264,-20.6229
3.0272,-20.6394
3.028,-20.6559
3.0288,-20.6724
3.0296,-20.689
3.0304,-20.7055
3.0312,-20.7221
3.032,-20.7387
3.0328,-20.7553
3.0336,-20.7719
3.0344,-20.7885
3.0352,-20.8051
3.036,-20.8218
3.0368,-20.8385
3.0376,-20.8551
3.0384,-20.8718
3.0392,-20.8885
3.04,-20.9052
3.0408,-20.922
3.0416,-20.9387
3.0424,-20.9555
3.0432,-20.9722
3.044,-20.989
3.0448,-21.0058
3.0456,-21.0226
3.0464,-21.0395
3.0472,-21.0563
3.048,-21.0732
3.0488,-21.09
3.0496,-21.1069
3.0504,-21.1238
3.0512,-21.1407
3.052,-21.1576
3.0528,-21.1746
3.0536,-21.1915
3.0544,-21.2085
3.0552,-21.2254
3.056,-21.2424
3.0568,-21.2594
3.0576,-21.2764
3.0584,-21.2935
3.0592,-21.3105
3.06,-21.3276
3.0608,-21.3446
3.0616,-21.3617
3.0624,-21.3788
3.0632,-21.3959
3.064,-21.413
3.0648,-21.4302
3.0656,-21.4473
3.0664,-21.4645
3.0672,-21.4817
3.068,-21.4989
3.0688,-21.5161
3.0696,-21.5333
3.0704,-21.5505
3.0712,-21.5678
3.072,-21.585
3.0728,-21.6023
3.0736,-21.6196
3.0744,-21.6369
3.0752,-21.6542
3.076,-21.6715
3.0768,-21.6889
3.0776,-21.7062
3.0784,-21.7236
3.0792,-21.741
3.08,-21.7584
3.0808,-21.7758
3.0816,-21.7932
3.0824,-21.8107
3.0832,-21.8281
3.084,-21.8456
3.0848,-21.8631
3.0856,-21.8806
3.0864,-21.8981
3.0872,-21.9156
3.088,-21.9332
3.0888,-21.9507
3.0896,-21.9683
3.0904,-21.9859
3.0912,-22.0035
3.092,-22.0211
3.0928,-22.0387
3.0936,-22.0563
3.0944,-22.074
3.0952,-22.0917
3.096,-22.1093
3.0968,-22.127
3.0976,-22.1447
3.0984,-22.1625
3.0992,-22.1802
3.1,-22.198
3.1008,-22.2157
3.1016,-22.2335
3.1024,-22.2513
3.1032,-22.2691
3.104,-22.2869
3.1048,-22.3048
3.1056,-22.3226
3.1064,-22.3405
3.1072,-22.3584
3.108,-22.3762
3.1088,-22.3942
3.1096,-22.4121
3.1104,-22.43
3.1112,-22.448
3.112,-22.4659
3.1128,-22.4839
3.1136,-22.5019
3.1144,-22.5199
3.1152,-22.5379
3.116,-22.556
3.1168,-22.574
3.1176,-22.5921
3.1184,-22.6102
3.1192,-22.6283
3.12,-22.6464
3.1208,-22.6645
3.1216,-22.6826
3.1224,-22.7008
3.1232,-22.719
3.124,-22.7371
3.1248,-22.7553
3.1256,-22.7736
3.1264,-22.7918
3.1272,-22.81
3.128,-22.8283
3.1288,-22.8465
3.1296,-22.8648
3.1304,-22.8831
3.1312,-22.9014
3.132,-22.9198
3.1328,-22.9381
3.1336,-22.9565
3.1344,-22.9748
3.1352,-22.9932
3.136,-23.0116
3.1368,-23.0301
3.1376,-23.0485
3.1384,-23.0669
3.1392,-23.0854
3.14,-23.1039
3.1408,-23.1224
3.1416,-23.1409
3.1424,-23.1594
3.1432,-23.1779
3.144,-23.1965
3.1448,-23.215
3.1456,-23.2336
3.1464,-23.2522
3.1472,-23.2708
3.148,-23.2894
3.1488,-23.3081
3.1496,-23.3267
3.1504,-23.3454
3.1512,-23.3641
3.152,-23.3828
3.1528,-23.4015
3.1536,-23.4202
3.1544,-23.439
3.1552,-23.4577
3.156,-23.4765
3.1568,-23.4953
3.1576,-23.5141
3.1584,-23.5329
3.1592,-23.5517
3.16,-23.5706
3.1608,-23.5895
3.1616,-23.6083
3.1624,-23.6272
3.1632,-23.6461
3.164,-23.6651
3.1648,-23.684
3.1656,-23.703
3.1664,-23.7219
3.1672,-23.7409
3.168,-23.7599
3.1688,-23.7789
3.1696,-23.798
3.1704,-23.817
3.1712,-23.8361
3.172,-23.8551
3.1728,-23.8742
3.1736,-23.8933
3.1744,-23.9125
3.1752,-23.9316
3.176,-23.9508
3.1768,-23.9699
3.1776,-23.9891
3.1784,-24.0083
3.1792,-24.0275
3.18,-24.0468
3.1808,-24.066
3.1816,-24.0853
3.1824,-24.1045
3.1832,-24.1238
3.184,-24.1431
3.1848,-24.1625
3.1856,-24.1818
3.1864,-24.2011
3.1872,-24.2205
3.188,-24.2399
3.1888,-24.2593
3.1896,-24.2787
3.1904,-24.2981
3.1912,-24.3176
3.192,-24.3371
3.1928,-24.3565
3.1936,-24.376
3.1944,-24.3955
3.1952,-24.4151
3.196,-24.4346
3.1968,-24.4542
3.1976,-24.4737
3.1984,-24.4933
3.1992,-24.5129
3.2,-24.5325
3.2008,-24.5522
3.2016,-24.5718
3.2024,-24.5915
3.2032,-24.6112
3.204,-24.6309
3.2048,-24.6506
3.2056,-24.6703
3.2064,-24.69
3.2072,-24.7098
3.208,-24.7296
3.2088,-24.7494
3.2096,-24.7692
3.2104,-24.789
3.2112,-24.8088
3.212,-24.8287
3.2128,-24.8486
3.2136,-24.8685
3.2144,-24.8884
3.2152,-24.9083
3.216,-24.9282
3.2168,-24.9482
3.2176,-24.9681
3.2184,-24.9881
3.2192,-25.0081
3.22,-25.0281
3.2208,-25.0482
3.2216,-25.0682
3.2224,-25.0883
3.2232,-25.1083
3.224,-25.1284
3.2248,-25.1485
3.2256,-25.1687
3.2264,-25.1888
3.2272,-25.209
3.228,-25.2291
3.2288,-25.2493
3.2296,-25.2695
3.2304,-25.2898
3.2312,-25.31
3.232,-25.3303
3.2328,-25.3505
3.2336,-25.3708
3.2344,-25.3911
3.2352,-25.4115
3.236,-25.4318
3.2368,-25.4521
3.2376,-25.4725
3.2384,-25.4929
3.2392,-25.5133
3.24,-25.5337
3.2408,-25.5542
3.2416,-25.5746
3.2424,-25.5951
3.2432,-25.6156
3.244,-25.6361
3.2448,-25.6566
3.2456,-25.6771
3.2464,-25.6977
3.2472,-25.7182
3.248,-25.7388
3.2488,-25.7594
3.2496,-25.78
3.2504,-25.8007
3.2512,-25.8213
3.252,-25.842
3.2528,-25.8627
3.2536,-25.8834
3.2544,-25.9041
3.2552,-25.9248
3.256,-25.9455
3.2568,-25.9663
3.2576,-25.9871
3.2584,-26.0079
3.2592,-26.0287
3.26,-26.0495
3.2608,-26.0704
3.2616,-26.0912
3.2624,-26.1121
3.2632,-26.133
3.264,-26.1539
3.2648,-26.1749
3.2656,-26.1958
3.2664,-26.2168
3.2672,-26.2378
3.268,-26.2588
3.2688,-26.2798
3.2696,-26.3008
3.2704,-26.3219
3.2712,-26.3429
3.272,-26.364
3.2728,-26.3851
3.2736,-26.4062
3.2744,-26.4274
3.2752,-26.4485
3.276,-26.4697
3.2768,-26.4909
3.2776,-26.5121
3.2784,-26.5333
3.2792,-26.5545
3.28,-26.5758
3.2808,-26.597
3.2816,-26.6183
3.2824,-26.6396
3.2832,-26.661
3.284,-26.6823
3.2848,-26.7036
3.2856,-26.725
3.2864,-26.7464
3.2872,-26.7678
3.288,-26.7892
3.2888,-26.8107
3.2896,-26.8321
3.2904,-26.8536
3.2912,-26.8751
3.292,-26.8966
3.2928,-26.9181
3.2936,-26.9397
3.2944,-26.9612
3.2952,-26.9828
3.296,-27.0044
3.2968,-27.026
3.2976,-27.0476
3.2984,-27.0693
3.2992,-27.091
3.3,-27.1126
3.3008,-27.1343
3.3016,-27.1561
3.3024,-27.1778
3.3032,-27.1995
3.304,-27.2213
3.3048,-27.2431
3.3056,-27.2649
3.3064,-27.2867
3.3072,-27.3086
3.308,-27.3304
3.3088,-27.3523
3.3096,-27.3742
3.3104,-27.3961
3.3112,-27.418
3.312,-27.44
3.3128,-27.4619
3.3136,-27.4839
3.3144,-27.5059
3.3152,-27.5279
3.316,-27.5499
3.3168,-27.572
3.3176,-27.594
3.3184,-27.6161
3.3192,-27.6382
3.32,-27.6604
3.3208,-27.6825
3.3216,-27.7046
3.3224,-27.7268
3.3232,-27.749
3.324,-27.7712
3.3248,-27.7934
3.3256,-27.8157
3.3264,-27.8379
3.3272,-27.8602
3.328,-27.8825
3.3288,-27.9048
3.3296,-27.9272
3.3304,-27.9495
3.3312,-27.9719
3.332,-27.9943
3.3328,-28.0167
3.3336,-28.0391
3.3344,-28.0615
3.3352,-28.084
3.336,-28.1065
3.3368,-28.129
3.3376,-28.1515
3.3384,-28.174
3.3392,-28.1966
3.34,-28.2191
3.3408,-28.2417
3.3416,-28.2643
3.3424,-28.2869
3.3432,-28.3096
3.344,-28.3322
3.3448,-28.3549
3.3456,-28.3776
3.3464,-28.4003
3.3472,-28.423
3.348,-28.4458
3.3488,-28.4686
3.3496,-28.4913
3.3504,-28.5141
3.3512,-28.537
3.352,-28.5598
3.3528,-28.5827
3.3536,-28.6055
3.3544,-28.6284
3.3552,-28.6513
3.356,-28.6743
3.3568,-28.6972
3.3576,-28.7202
3.3584,-28.7432
3.3592,-28.7662
3.36,-28.7892
3.3608,-28.8122
3.3616,-28.8353
3.3624,-28.8584
3.3632,-28.8815
3.364,-28.9046
3.3648,-28.9277
3.3656,-28.9509
3.3664,-28.974
3.3672,-28.9972
3.368,-29.0204
3.3688,-29.0437
3.3696,-29.0669
3.3704,-29.0902
3.3712,-29.1134
3.372,-29.1367
3.3728,-29.1601
3.3736,-29.1834
3.3744,-29.2068
3.3752,-29.2301
3.376,-29.2535
3.3768,-29.2769
3.3776,-29.3004
3.3784,-29.3238
3.3792,-29.3473
3.38,-29.3708
3.3808,-29.3943
3.3816,-29.4178
3.3824,-29.4413
3.3832,-29.4649
3.384,-29.4885
3.3848,-29.5121
3.3856,-29.5357
3.3864,-29.5593
3.3872,-29.583
3.388,-29.6067
3.3888,-29.6304
3.3896,-29.6541
3.3904,-29.6778
3.3912,-29.7016
3.392,-29.7253
3.3928,-29.7491
3.3936,-29.7729
3.3944,-29.7968
3.3952,-29.8206
3.396,-29.8445
3.3968,-29.8684
3.3976,-29.8923
3.3984,-29.9162
3.3992,-29.9401
3.4,-29.9641
3.4008,-29.9881
3.4016,-30.0121
3.4024,-30.0361
3.4032,-30.0601
3.404,-30.0842
3.4048,-30.1083
3.4056,-30.1324
3.4064,-30.1565
3.4072,-30.1806
3.408,-30.2048
3.4088,-30.2289
3.4096,-30.2531
3.4104,-30.2774
3.4112,-30.3016
3.412,-30.3258
3.4128,-30.3501
3.4136,-30.3744
3.4144,-30.3987
3.4152,-30.423
3.416,-30.4474
3.4168,-30.4717
3.4176,-30.4961
3.4184,-30.5205
3.4192,-30.545
3.42,-30.5694
3.4208,-30.5939
3.4216,-30.6184
3.4224,-30.6429
3.4232,-30.6674
3.424,-30.6919
3.4248,-30.7165
3.4256,-30.7411
3.4264,-30.7657
3.4272,-30.7903
3.428,-30.815
3.4288,-30.8396
3.4296,-30.8643
3.4304,-30.889
3.4312,-30.9137
3.432,-30.9385
3.4328,-30.9632
3.4336,-30.988
3.4344,-31.0128
3.4352,-31.0376
3.436,-31.0625
3.4368,-31.0873
3.4376,-31.1122
3.4384,-31.1371
3.4392,-31.162
3.44,-31.187
3.4408,-31.2119
3.4416,-31.2369
3.4424,-31.2619
3.4432,-31.2869
3.444,-31.312
3.4448,-31.337
3.4456,-31.3621
3.4464,-31.3872
3.4472,-31.4123
3.448,-31.4375
3.4488,-31.4626
3.4496,-31.4878
3.4504,-31.513
3.4512,-31.5382
3.452,-31.5635
3.4528,-31.5887
3.4536,-31.614
3.4544,-31.6393
3.4552,-31.6646
3.456,-31.69
3.4568,-31.7153
3.4576,-31.7407
3.4584,-31.7661
3.4592,-31.7915
3.46,-31.817
3.4608,-31.8424
3.4616,-31.8679
3.4624,-31.8934
3.4632,-31.919
3.464,-31.9445
3.4648,-31.9701
3.4656,-31.9957
3.4664,-32.0213
3.4672,-32.0469
3.468,-32.0725
3.4688,-32.0982
3.4696,-32.1239
3.4704,-32.1496
3.4712,-32.1753
3.472,-32.2011
3.4728,-32.2269
3.4736,-32.2526
3.4744,-32.2785
3.4752,-32.3043
3.476,-32.3301
3.4768,-32.356
3.4776,-32.3819
3.4784,-32.4078
3.4792,-32.4338
3.48,-32.4597
3.4808,-32.4857
3.4816,-32.5117
3.4824,-32.5377
3.4832,-32.5638
3.484,-32.5898
3.4848,-32.6159
3.4856,-32.642
3.4864,-32.6681
3.4872,-32.6943
3.488,-32.7204
3.4888,-32.7466
3.4896,-32.7728
3.4904,-32.7991
3.4912,-32.8253
3.492,-32.8516
3.4928,-32.8779
3.4936,-32.9042
3.4944,-32.9305
3.4952,-32.9569
3.496,-32.9833
3.4968,-33.0097
3.4976,-33.0361
3.4984,-33.0625
3.4992,-33.089
3.5,-33.1155
3.5008,-33.142
3.5016,-33.1685
3.5024,-33.195
3.5032,-33.2216
3.504,-33.2482
3.5048,-33.2748
3.5056,-33.3014
3.5064,-33.3281
3.5072,-33.3547
3.508,-33.3814
3.5088,-33.4082
3.5096,-33.4349
3.5104,-33.4616
3.5112,-33.4884
3.512,-33.5152
3.5128,-33.5421
3.5136,-33.5689
3.5144,-33.5958
3.5152,-33.6227
3.516,-33.6496
3.5168,-33.6765
3.5176,-33.7034
3.5184,-33.7304
3.5192,-33.7574
3.52,-33.7844
3.5208,-33.8115
3.5216,-33.8385
3.5224,-33.8656
3.5232,-33.8927
3.524,-33.9198
3.5248,-33.947
3.5256,-33.9742
3.5264,-34.0013
3.5272,-34.0286
3.528,-34.0558
3.5288,-34.083
3.5296,-34.1103
3.5304,-34.1376
3.5312,-34.1649
3.532,-34.1923
3.5328,-34.2196
3.5336,-34.247
3.5344,-34.2744
3.5352,-34.3019
3.536,-34.3293
3.5368,-34.3568
3.5376,-34.3843
3.5384,-34.4118
3.5392,-34.4394
3.54,-34.4669
3.5408,-34.4945
3.5416,-34.5221
3.5424,-34.5497
3.5432,-34.5774
3.544,-34.6051
3.5448,-34.6328
3.5456,-34.6605
3.5464,-34.6882
3.5472,-34.716
3.548,-34.7438
3.5488,-34.7716
3.5496,-34.7994
3.5504,-34.8272
3.5512,-34.8551
3.552,-34.883
3.5528,-34.9109
3.5536,-34.9389
3.5544,-34.9668
3.5552,-34.9948
3.556,-35.0228
3.5568,-35.0509
3.5576,-35.0789
3.5584,-35.107
3.5592,-35.1351
3.56,-35.1632
3.5608,-35.1913
3.5616,-35.2195
3.5624,-35.2477
3.5632,-35.2759
3.564,-35.3041
3.5648,-35.3324
3.5656,-35.3607
3.5664,-35.389
3.5672,-35.4173
3.568,-35.4456
3.5688,-35.474
3.5696,-35.5024
3.5704,-35.5308
3.5712,-35.5592
3.572,-35.5877
3.5728,-35.6162
3.5736,-35.6447
3.5744,-35.6732
3.5752,-35.7018
3.576,-35.7303
3.5768,-35.7589
3.5776,-35.7875
3.5784,-35.8162
3.5792,-35.8449
3.58,-35.8735
3.5808,-35.9023
3.5816,-35.931
3.5824,-35.9597
3.5832,-35.9885
3.584,-36.0173
3.5848,-36.0461
3.5856,-36.075
3.5864,-36.1039
3.5872,-36.1328
3.588,-36.1617
3.5888,-36.1906
3.5896,-36.2196
3.5904,-36.2486
3.5912,-36.2776
3.592,-36.3066
3.5928,-36.3357
3.5936,-36.3648
3.5944,-36.3939
3.5952,-36.423
3.596,-36.4521
3.5968,-36.4813
3.5976,-36.5105
3.5984,-36.5397
3.5992,-36.569
3.6,-36.5982
3.6008,-36.6275
3.6016,-36.6568
3.6024,-36.6862
3.6032,-36.7155
3.604,-36.7449
3.6048,-36.7743
3.6056,-36.8038
3.6064,-36.8332
3.6072,-36.8627
3.608,-36.8922
3.6088,-36.9217
3.6096,-36.9513
3.6104,-36.9808
3.6112,-37.0104
3.612,-37.0401
3.6128,-37.0697
3.6136,-37.0994
3.6144,-37.1291
3.6152,-37.1588
3.616,-37.1885
3.6168,-37.2183
3.6176,-37.2481
3.6184,-37.2779
3.6192,-37.3077
3.62,-37.3376
3.6208,-37.3674
3.6216,-37.3974
3.6224,-37.4273
3.6232,-37.4572
3.624,-37.4872
3.6248,-37.5172
3.6256,-37.5472
3.6264,-37.5773
3.6272,-37.6074
3.628,-37.6375
3.6288,-37.6676
3.6296,-37.6977
3.6304,-37.7279
3.6312,-37.7581
3.632,-37.7883
3.6328,-37.8186
3.6336,-37.8488
3.6344,-37.8791
3.6352,-37.9094
3.636,-37.9398
3.6368,-37.9701
3.6376,-38.0005
3.6384,-38.0309
3.6392,-38.0614
3.64,-38.0918
3.6408,-38.1223
3.6416,-38.1528
3.6424,-38.1834
3.6432,-38.2139
3.644,-38.2445
3.6448,-38.2751
3.6456,-38.3057
3.6464,-38.3364
3.6472,-38.3671
3.648,-38.3978
3.6488,-38.4285
3.6496,-38.4593
3.6504,-38.4901
3.6512,-38.5209
3.652,-38.5517
3.6528,-38.5825
3.6536,-38.6134
3.6544,-38.6443
3.6552,-38.6753
3.656,-38.7062
3.6568,-38.7372
3.6576,-38.7682
3.6584,-38.7992
3.6592,-38.8303
3.66,-38.8613
3.6608,-38.8924
3.6616,-38.9236
3.6624,-38.9547
3.6632,-38.9859
3.664,-39.0171
3.6648,-39.0483
3.6656,-39.0796
3.6664,-39.1109
3.6672,-39.1422
3.668,-39.1735
3.6688,-39.2048
3.6696,-39.2362
3.6704,-39.2676
3.6712,-39.299
3.672,-39.3305
3.6728,-39.362
3.6736,-39.3935
3.6744,-39.425
3.6752,-39.4565
3.676,-39.4881
3.6768,-39.5197
3.6776,-39.5514
3.6784,-39.583
3.6792,-39.6147
3.68,-39.6464
3.6808,-39.6781
3.6816,-39.7099
3.6824,-39.7417
3.6832,-39.7735
3.684,-39.8053
3.6848,-39.8372
3.6856,-39.869
3.6864,-39.9009
3.6872,-39.9329
3.688,-39.9648
3.6888,-39.9968
3.6896,-40.0288
3.6904,-40.0609
3.6912,-40.0929
3.692,-40.125
3.6928,-40.1571
3.6936,-40.1893
3.6944,-40.2214
3.6952,-40.2536
3.696,-40.2858
3.6968,-40.3181
3.6976,-40.3503
3.6984,-40.3826
3.6992,-40.415
3.7,-40.4473
3.7008,-40.4797
3.7016,-40.5121
3.7024,-40.5445
3.7032,-40.5769
3.704,-40.6094
3.7048,-40.6419
3.7056,-40.6744
3.7064,-40.707
3.7072,-40.7396
3.708,-40.7722
3.7088,-40.8048
3.7096,-40.8375
3.7104,-40.8702
3.7112,-40.9029
3.712,-40.9356
3.7128,-40.9684
3.7136,-41.0011
3.7144,-41.034
3.7152,-41.0668
3.716,-41.0997
3.7168,-41.1326
3.7176,-41.1655
3.7184,-41.1984
3.7192,-41.2314
3.72,-41.2644
3.7208,-41.2974
3.7216,-41.3305
3.7224,-41.3635
3.7232,-41.3967
3.724,-41.4298
3.7248,-41.4629
3.7256,-41.4961
3.7264,-41.5293
3.7272,-41.5626
3.728,-41.5958
3.7288,-41.6291
3.7296,-41.6624
3.7304,-41.6958
3.7312,-41.7292
3.732,-41.7625
3.7328,-41.796
3.7336,-41.8294
3.7344,-41.8629
3.7352,-41.8964
3.736,-41.9299
3.7368,-41.9635
3.7376,-41.9971
3.7384,-42.0307
3.7392,-42.0643
3.74,-42.098
3.7408,-42.1317
3.7416,-42.1654
3.7424,-42.1991
3.7432,-42.2329
3.744,-42.2667
3.7448,-42.3005
3.7456,-42.3344
3.7464,-42.3683
3.7472,-42.4022
3.748,-42.4361
3.7488,-42.4701
3.7496,-42.5041
3.7504,-42.5381
3.7512,-42.5721
3.752,-42.6062
3.7528,-42.6403
3.7536,-42.6744
3.7544,-42.7086
3.7552,-42.7428
3.756,-42.777
3.7568,-42.8112
3.7576,-42.8455
3.7584,-42.8798
3.7592,-42.9141
3.76,-42.9484
3.7608,-42.9828
3.7616,-43.0172
3.7624,-43.0516
3.7632,-43.0861
3.764,-43.1206
3.7648,-43.1551
3.7656,-43.1896
3.7664,-43.2242
3.7672,-43.2588
3.768,-43.2934
3.7688,-43.328
3.7696,-43.3627
3.7704,-43.3974
3.7712,-43.4322
3.772,-43.4669
3.7728,-43.5017
3.7736,-43.5365
3.7744,-43.5714
3.7752,-43.6062
3.776,-43.6411
3.7768,-43.6761
3.7776,-43.711
3.7784,-43.746
3.7792,-43.781
3.78,-43.816
3.7808,-43.8511
3.7816,-43.8862
3.7824,-43.9213
3.7832,-43.9565
3.784,-43.9917
3.7848,-44.0269
3.7856,-44.0621
3.7864,-44.0974
3.7872,-44.1327
3.788,-44.168
3.7888,-44.2033
3.7896,-44.2387
3.7904,-44.2741
3.7912,-44.3095
3.792,-44.345
3.7928,-44.3805
3.7936,-44.416
3.7944,-44.4516
3.7952,-44.4871
3.796,-44.5227
3.7968,-44.5584
3.7976,-44.594
3.7984,-44.6297
3.7992,-44.6654
3.8,-44.7012
3.8008,-44.737
3.8016,-44.7728
3.8024,-44.8086
3.8032,-44.8445
3.804,-44.8803
3.8048,-44.9163
3.8056,-44.9522
3.8064,-44.9882
3.8072,-45.0242
3.808,-45.0602
3.8088,-45.0963
3.8096,-45.1324
3.8104,-45.1685
3.8112,-45.2047
3.812,-45.2408
3.8128,-45.277
3.8136,-45.3133
3.8144,-45.3495
3.8152,-45.3858
3.816,-45.4222
3.8168,-45.4585
3.8176,-45.4949
3.8184,-45.5313
3.8192,-45.5677
3.82,-45.6042
3.8208,-45.6407
3.8216,-45.6772
3.8224,-45.7138
3.8232,-45.7504
3.824,-45.787
3.8248,-45.8236
3.8256,-45.8603
3.8264,-45.897
3.8272,-45.9337
3.828,-45.9705
3.8288,-46.0073
3.8296,-46.0441
3.8304,-46.081
3.8312,-46.1178
3.832,-46.1548
3.8328,-46.1917
3.8336,-46.2287
3.8344,-46.2657
3.8352,-46.3027
3.836,-46.3397
3.8368,-46.3768
3.8376,-46.4139
3.8384,-46.4511
3.8392,-46.4883
3.84,-46.5255
3.8408,-46.5627
3.8416,-46.6
3.8424,-46.6373
3.8432,-46.6746
3.844,-46.7119
3.8448,-46.7493
3.8456,-46.7867
3.8464,-46.8242
3.8472,-46.8617
3.848,-46.8992
3.8488,-46.9367
3.8496,-46.9743
3.8504,-47.0119
3.8512,-47.0495
3.852,-47.0871
3.8528,-47.1248
3.8536,-47.1625
3.8544,-47.2003
3.8552,-47.2381
3.856,-47.2759
3.8568,-47.3137
3.8576,-47.3516
3.8584,-47.3895
3.8592,-47.4274
3.86,-47.4654
3.8608,-47.5033
3.8616,-47.5414
3.8624,-47.5794
3.8632,-47.6175
3.864,-47.6556
3.8648,-47.6937
3.8656,-47.7319
3.8664,-47.7701
3.8672,-47.8083
3.868,-47.8466
3.8688,-47.8849
3.8696,-47.9232
3.8704,-47.9616
3.8712,-48
3.872,-48.0384
3.8728,-48.0768
3.8736,-48.1153
3.8744,-48.1538
3.8752,-48.1923
3.876,-48.2309
3.8768,-48.2695
3.8776,-48.3081
3.8784,-48.3468
3.8792,-48.3855
3.88,-48.4242
3.8808,-48.463
3.8816,-48.5018
3.8824,-48.5406
3.8832,-48.5794
3.884,-48.6183
3.8848,-48.6572
3.8856,-48.6962
3.8864,-48.7351
3.8872,-48.7741
3.888,-48.8132
3.8888,-48.8522
3.8896,-48.8913
3.8904,-48.9305
3.8912,-48.9696
3.892,-49.0088
3.8928,-49.048
3.8936,-49.0873
3.8944,-49.1266
3.8952,-49.1659
3.896,-49.2052
3.8968,-49.2446
3.8976,-49.284
3.8984,-49.3235
3.8992,-49.3629
3.9,-49.4024
3.9008,-49.442
3.9016,-49.4816
3.9024,-49.5212
3.9032,-49.5608
3.904,-49.6005
3.9048,-49.6402
3.9056,-49.6799
3.9064,-49.7196
3.9072,-49.7594
3.908,-49.7993
3.9088,-49.8391
3.9096,-49.879
3.9104,-49.9189
3.9112,-49.9589
3.912,-49.9988
3.9128,-50.0389
3.9136,-50.0789
3.9144,-50.119
3.9152,-50.1591
3.916,-50.1992
3.9168,-50.2394
3.9176,-50.2796
3.9184,-50.3199
3.9192,-50.3601
3.92,-50.4004
3.9208,-50.4408
3.9216,-50.4812
3.9224,-50.5216
3.9232,-50.562
3.924,-50.6025
3.9248,-50.6429
3.9256,-50.6835
3.9264,-50.724
3.9272,-50.7646
3.928,-50.8053
3.9288,-50.8459
3.9296,-50.8866
3.9304,-50.9273
3.9312,-50.9681
3.932,-51.0089
3.9328,-51.0497
3.9336,-51.0906
3.9344,-51.1315
3.9352,-51.1724
3.936,-51.2133
3.9368,-51.2543
3.9376,-51.2953
3.9384,-51.3364
3.9392,-51.3775
3.94,-51.4186
3.9408,-51.4598
3.9416,-51.5009
3.9424,-51.5422
3.9432,-51.5834
3.944,-51.6247
3.9448,-51.666
3.9456,-51.7074
3.9464,-51.7487
3.9472,-51.7902
3.948,-51.8316
3.9488,-51.8731
3.9496,-51.9146
3.9504,-51.9561
3.9512,-51.9977
3.952,-52.0393
3.9528,-52.081
3.9536,-52.1227
3.9544,-52.1644
3.9552,-52.2061
3.956,-52.2479
3.9568,-52.2897
3.9576,-52.3316
3.9584,-52.3735
3.9592,-52.4154
3.96,-52.4573
3.9608,-52.4993
3.9616,-52.5413
3.9624,-52.5834
3.9632,-52.6255
3.964,-52.6676
3.9648,-52.7097
3.9656,-52.7519
3.9664,-52.7941
3.9672,-52.8364
3.968,-52.8787
3.9688,-52.921
3.9696,-52.9633
3.9704,-53.0057
3.9712,-53.0482
3.972,-53.0906
3.9728,-53.1331
3.9736,-53.1756
3.9744,-53.2182
3.9752,-53.2608
3.976,-53.3034
3.9768,-53.3461
3.9776,-53.3887
3.9784,-53.4315
3.9792,-53.4742
3.98,-53.517
3.9808,-53.5599
3.9816,-53.6027
3.9824,-53.6456
3.9832,-53.6886
3.984,-53.7315
3.9848,-53.7745
3.9856,-53.8176
3.9864,-53.8606
3.9872,-53.9037
3.988,-53.9469
3.9888,-53.9901
3.9896,-54.0333
3.9904,-54.0765
3.9912,-54.1198
3.992,-54.1631
3.9928,-54.2065
3.9936,-54.2498
3.9944,-54.2933
3.9952,-54.3367
3.996,-54.3802
3.9968,-54.4237
3.9976,-54.4673
3.9984,-54.5109
3.9992,-54.5545
4,-54.5982
4.0008,-54.6418
